summonerId,accountId,puuid,profileIconId,revisionDate,summonerLevel,leaguePoints,rank,wins,losses,veteran,inactive,freshBlood,hotStreak
9NnLqWc-yAdktinfCrBg5DFui8y8Gh9engsZqGC0StclbE4,m9mw-QBzf0lbdJRpoju0fbLQlz3rFwb19rifliNX4x0sUV5G3PG93ZPE,z4PHPxeYw_j5UhKbxPiTjkpWDIPBxppTgfDKTQzFPGptJT5RIUYPlysdhgeU-CTCGBkddp3bfFyM6g,6378,1731751326722,608,1947,I,195,127,True,False,False,False
ltBGsksd7ho-2ct0DktaS8OCT5N1Lj_XIOrGZOREPxPFYQ4,99lNKYIswhBYntqIlQTESjc1atBx3lLzlP03dhN_aExKG0NMZeahMrKk,zdZA2LOyQM_Dv8u01FGOcQoI0j1nvJtLCFEOXXCfJvb1KcqgsTmBo-9m1OV1EKdGkLkuhAv-K4rD4Q,552,1731597554000,484,1780,I,210,135,True,False,False,False
fowDGyk0cHycqhPKlUrWSRZoGu7fHNfyFscQJO9SiqjEteyP,emSLdGp7nEEOt-Et8835ygWKZ4P466owEmV9Fvjtuv3I9PUy6no2El1w,38AmHWZi2K0cMw1oXHeNSREtyUkvsp_qVVrzw2JTavFjmv6pEqx9uaK74ZPzMimOlOc4xP1Z2IDIqw,4074,1731751335280,868,1759,I,329,266,True,False,False,False
Hf9OIfd-PDUknamL5gZmLFz-T_WpOArjr_ByX3MfqLPaTws,mfxWFNLBT3GJyzrgc-vrAfdNHKaBQPOaunlv-Nw1F4YB,zZ64mv4OEAngWpCmOiF6BfDeNSZQmZgeFftnYqtaLYKnpxlXk357vb_GnYbHZ7r-lljR9EERbAaqzQ,6737,1731751367028,331,1757,I,199,134,True,False,False,False
wPz9yiMXCi0PdsiIlmf0j8kCjFEc3mlpyH_Rra0UMmLTxcY,GKepshcySx4bajzj6bj5QaBGXr9UooWlVFs5Iw0ZucccXdYPn_Q_9e7E,jnZZEz1ANcWTNCSlYlQf-BdrRCDnL1rtVwwqrXaMBd0AfnT1Bvro3XMKNM2jGZMuscitLArg2nuAOQ,4535,1731616463000,367,1703,I,201,143,True,False,False,True
NhTkZ-nSUjH6xAeXpzfGfH8OHr9qEompMJfQnCtGabSWYvQ,iHop2PLH7mBUXRqWVLywi3ex9z_-745MYctCgQNgJNaNTjpKLKQXE3Z7,-Nn-vwUPHX51mybZqIMGCxU6T2FTMdkxWRnfGr3Fmjy2Nq-aXjdcRnpqzvQWKOyd0GMlMMcPZ-6-eQ,6637,1731608139000,747,1670,I,162,108,True,False,False,False
Xjss2xXI2ZL_rSdzU6G2_HHciCqnaLPU5sRi_4buvfjK90HRTwZXFzrtKQ,ShRruuKple1vpDTj34InqTwxKIV3jCvWbHRp1xH0_uQacq5TwkEpB3D5,4KYQKIld4V8fVckBJK__fXFv3ig_TuhVqwSESwK8VAopOl0JhyPg3jFAOj-F0JQTRjYJm3F1Ec_Jfg,28,1731590101000,547,1652,I,166,104,True,False,False,False
7PbO7655HbbHmBZUzE0vLSj3nv3_FALecqNAXLDNS7m6Pas,ARBdjs2h1CRhJYME75eH5PwJeJO-gaMA0XYVdwvZouchWLc,WZhgBzPriIROFlBUnyb49TcFRAMTPrlRZM0ZXmIFVeV5VUPpT4ru4Xk-6hVUYX0VHyfyQt9oVZi-Uw,3860,1731391335000,581,1571,I,175,116,True,False,False,True
XxkUym6JU3xhXzd1IA5-iPvaiRDe7epRLPFxguKgYWZqZ-CMNu5rW7hNYw,-le0jeSNA01p86Eqoj4QJmZNXgF1uRUJHb16gokH4ClP5l-KeuOLSaFc,etHy0V9djl2i7f1aIQ4JlKzrO1pSlO0298xwnbazcyUbrA2fdIV28lB_KKqmIH-_WWRFLdS8D6ogWw,3543,1731599840000,385,1542,I,157,102,False,False,False,False
daba_QM9qNLoCERtlTUfWYSbhrnbxwmn1mT8URRUQtgTbXdpC-spteYavg,bbFFS0T3E4rKjn5NTfhlGtR5g0MvjLIj0CeBeo4Q0ZLdy8g4l-0__MJp,a_bEF1tl-AGYrBY-29V2GR6ERxPaqyG8vMrBRL130A5O-UpTi9cOoBWiYa9cq08SFY7yURDRllg1cw,2076,1731737293357,209,1536,I,283,234,True,False,False,False
KCMryl4mPEDJAkF7AYywliazBaQv8xQs9cnEIcWVNUDenXQ,DicN7H0zIvzjLmWj4JxUsN2xzB73XnbAsxK7giws4c70cS4,aEdxIBp0-vhmTX_ZsL15-Sg0a_7UsvEYYExYYbzwzlpJwv0ifHfMioG4YO3Vp-S71aXWtWW8_KEa6g,3785,1731700356861,535,1535,I,210,161,True,False,False,False
HEK5QUT3pLTFphGdd_t8-pZNWRxRj3upxoGvOZvoxt_WYuR31LfwtYSdhA,3oD-1oSehoT1vmHtdKkWAqi5buS9OwJr81pKS0beRgeJTULV_8-U_mQp,_ytN38SnaAhRbv3OodY-snUP2w2SflZ_lx4KwpMB8nGZ1DdXIv4kk9pbZdL9UKS_HAd_c2eBaomIJA,1626,1731735387950,287,1527,I,413,368,True,False,False,True
oMAC7xcH9QB5QiFL_JAXURVXrCHZRPuIJH-hkvhWbUPxGYw,CMWY8EGSl8e_2a9CAcgnaB0l2YCcXZzcGuW0wy4f-tWAjjtt8yq3lFWa,TU1i4Jz2gipB0F9Mah68Oq0NYQq3oHqNdh5wB7pxyuvKJpNxndNCxJGxlwUxSMbie9XnJQbTprXaIg,4557,1731622208000,1078,1499,I,289,233,True,False,False,False
jgu_S_lkBLw0BXAoXsFmFCXs79qnZo14nvp3RKUYReNLryQ,wb3LL_DJyAvNroP2Ct84zjrDa7Ge_GbiD4u_PoL-x4FdWbk,Jy0TGjoJ-ay_vxBQ3ktflX7ZnX7sYUWsUqk-Ipl15h4d9Gf50LILzbvlPfCi075yS-nrHfFfFKso7w,7,1731705504407,956,1492,I,211,163,True,False,False,False
faJh97Tjo4JDxliYcF4Wm2KRMPD37vqTceqnu-BsiguzmV_Y,BrND8oKSfot4C2i-Ua46p5j-ruj4hO5G3pjW463qzrfHOjV6MRon2-kY,CKUEQt3KSOvnxmyvmSGtR0MSKdDoErgXrqL-IIM3jwr30BVOhJyQ8bzygcd0Gea524QYy6GarpawUQ,4660,1731677612409,440,1483,I,185,133,True,False,False,False
vJrs3ZJ1fF-uALflXrqKWRY0N8DEQrg8w6RKikzSog2MT0dg,JCMKwA4nohQXeKis5q9oHVul5bKro0eUkfPnUQo_Qk7dYZYntU27vqCJ,TYYgWgNq41uBbC4os2vyi5ROkwxVOSARo9OwFFEAUhBHwrSmCY5P2Xyolv8i70FcwZ9XMKz87SUDIw,6709,1731749550246,555,1482,I,246,199,True,False,False,False
vruqy1spoDmLeovWtJl8_DfAjsAerkAb1OIXA0yj2yBbkYU,1drX5zDe_dKL4PShs8aObBm_bqoaUj1xHXfHFXRU9f5GINk,Vaaeda_2fkBtN8PAgzE_Sh1brh9zUxx5D9oId4rNRf7vvBLwf9jdShqgtld8ZmDR7wxFcnNunVbUsw,5180,1731518058000,570,1482,I,184,136,True,False,False,False
YTe-ju1QtiPkhF7qghzL294JVDuW1B1aBOqNGR4XQL4G4TZs,CSkdfbY5PvMDXGPTBDIu_PMTtS0qkMU3daPy7kdmrqEzM21qzgqOutyY,Q34fFnoSCe7gUnjvmbuO0hPpZBFrS4RFAuMVPqAEgfqPX5h9s1_THLpMEOzzIzDwKGTlRRafGENzyg,2073,1731750037204,683,1481,I,297,247,True,False,False,False
fmAIujTpwegfCtJtTs-c5sIMs0Xrfsj51pS41W6Yg8GnsXw,xZ3mKyu6KLNWILOMF3MZlZdmbqt1Iu-hc3Ex5PFp2x2F-cEm179lzJR6,QwO8EzYtR-Ef8NvQkSp1qbPz4YGqrDURBQdyvF7bMetIL5dzB-WuxlICWQwieauItZAX25MtEIImfw,3150,1731409505000,481,1469,I,225,181,True,False,False,False
7IdgUnOC4q1usLAyIZOm2-6luVLqNhFfslB1jhxD5EQzgn4,VfXEcHENZCHUdWh3Zr6-AAElLRl3BAxCDuQkRpzGaxLO_c8,Mp-3atakPoNSNma67Dv3-JPFwTu8VXWiagH7wj488h_XU_d_kzWWDnoXfoBDCEYmoIDDm9l0jjxm8w,3495,1731745164175,815,1459,I,177,120,True,False,False,False
UQ-Z84QPYUfbB0XjPY3BataHdVR_LiRgyv9P61K-oWSoKZQE2GgtxY_pSA,j82lXI2sUJT2iiBuuk0gNb2nhsAlrDPki6DnpIbtTAt_HcSIpTHxUMzc,y5IS_Q5M6hzEqBdNRbOoylD8l4J8YNZDIHAKJFqKcmC9aoRKg1j-BZOlgcP8P6Xaf8Dx8aT__rkY0w,1152,1731744109797,76,1431,I,226,180,True,False,False,False
OQ6FCT-O00mQcISLtytGeSpFZJZ5uglWZBaEsAoz94s3qKI,IZnQOWtQMrQQw4ZYPvzIZ7KFsWTm9IUD6dGevPdnpUozkUV_4gxG0Dlm,sCrG0wbvJW4o_9My6CKnjfwibpTxOs77gaajxUsDO5rW7LTLM6pQXu6oYhI1Yi6Cgp8kld_HGu1TPg,4631,1731686193749,786,1430,I,194,146,True,False,False,False
vzm8HUb-Y6lwhH15sKazYj3ghl_Lzte-EylFsQ3S76XpmFVZbdlf4rvo5w,aRh6Mg1CUrkl4Hkffbu8VfXs-xuU-CPuh4a8NTgq4rD3s_Hx22hJt9-a,gWukGStX1FhVngsl7NufQFab7xBz3bhnZa7qoD9tQPH70ibTLc2qMGKuldJQT6Wl9kH0ll9mD2gQJQ,6695,1731745811137,424,1429,I,195,149,True,False,False,False
ou-2YXK2U_E24BUOYyWWLAa7jPBRTg6HF16DoyQSrQXT1SY,TF3Gdpb29SHS1KWWFGNWNdudAepSWGjDD5_GhoTKSCZmX2tH9V2ON58n,9em4MUN4tAB3VtzWSfXUO_ZADb3T4ztk_5k5gAnz1PuMuvC3e-5_dMnCyk_dh2DS9cNLHKxKAsz2Tg,1297,1731694871449,648,1418,I,233,184,True,False,False,False
b_ArdA4k95V77sQFoIcp3BOhK25gYA5mK7f24ZC40bvyZoAI,pTZdJaP2ajDfhgayJg3hegZBWxU37jzsMkgXo-kK9t6fh1ppm-MThjwh,VxDBPbRsNZCNFIIhUq1MILg6SJvYLbfD2Orcd1J03t-TvOHRsAPbXbIFOvdXGRD0Q_ACU30ZByA_eg,5464,1731701121436,507,1411,I,269,221,True,False,False,True
kDz5AMI-w3eT-_YxKbJzJpLR1WHcjvfEuXMySBaptbpBTr8,yc67-ioUX31m2rkILQRCZnRFkkvT5fh_L6epNzIqgP5d-h8,DKey0uBubyqahQKI-17hY2jUaxITS8aWVEgsL3VsbfFK0mnwlKEQU-Yy3i52eWIce4UWokrbVfY_Ng,847,1731584363000,735,1409,I,182,132,True,False,False,False
vIvSkwQGC3_ueULktNfIGzMvPvublpdKhhX1dQPPPTS4KrAoxs0ttJGIgQ,mNxZbBPDUbkxWWGySOBrC8Tl7hQALfdQJCBMRqUc_gTifmB-wEdW9iIe,ySkNzrn0Zwg6yWKg4QaMz5nx7Q-rDNamimdsL8I0Y02XPeuXeQkxC_0-Y4ftdiUqWzckWYi9T7LJzQ,29,1731678911502,82,1395,I,187,132,True,False,False,True
4KCwSm__F3OwtFDOpj-UgWVMGRw1CyEuD9MRzEM_xZSPtfkMxIOOsMZDnA,E87nLDMAi49JaTZLejn4RUDNC0hU_OkntGu04-riJk9Ao2qy2SbJxQO0,bcisGnKYbbxCE_5WSL-WCpEtXAlpnRJeCMOXNLpQ7jQgLxfViR8ax4BtSkcQVfaNrY1bxLinREobCw,3155,1731750585379,570,1387,I,283,232,True,False,False,False
iZexhE5JN1JB1r4Ymp3g700xHsntb0qzRBmLTCk_NU-JjHTn,LqmQc3c7ZuFBf14-FgA3shwsPRhcWfdIhiuGVfQsCVCqLoYmQPhMN89o,1ghVMf95rbAVpBIvWKnKABSRDZyYiVM6CpbtOGF1G5tkSERqoPLcG2o5Qe9grLFhxVNuZXwhhOxB4Q,5063,1731676192000,651,1382,I,250,205,True,False,False,False
Y3ryw6M5AVg3H3W0DlNBf5TmaZjVpL75m4hLAN0QX07tTbRofJccHHJfPg,7i67R6FzAQJRUEOZn3eByJiY2KxQuMqEinne6vrJ2R35HbOYbRu4WK7q,hw8DoYfcr5YoLlCjull3laDnLLN4-U1YCaE6w3zOXxtNy3N5F21HyBLqJXGzSzTCuFUjuR90t-kgtQ,6737,1731665499000,143,1369,I,158,107,True,False,False,False
_xihygTu8GupjvUgsKYMuBbTTND_36XUK8btHSpcerhDJsk,pcnc1QQhEAX2COGD1u0c4YGnxoWSkVudBmzwpUHtOJrwVKZCnAi652m1,cAhirg9CJ-wan0-349I1K2mOrgl2BRxihgHpVq_7ZG0suSLVuFj8qpFwkY3GOTRSXDpRWwbhpAxk_w,6740,1731751335280,666,1363,I,229,178,True,False,False,True
dnOBJVR4y2SlmAnh2hDIH-rKmIWvxyJle_1qtAGx1vzfG7Z-9RK9XtYcSg,JyXjlOJpyGh8nqhmYoOPb0ql8amM5YzcUH6y9V_4bVEFJ9c-lygN2Zql,w0WsEx-sB5FvbkF0eZZmvspoInr_q8FTqKKM-kV4GFjX-AKbWt6NYvAcsZPPjFq0xIpx7VlBmq4M4g,29,1731751326722,64,1355,I,243,179,True,False,False,False
Tx1gF38t-h0BqKieEYxYFJE8gvLsyVS1-6N104MKKP2sNxE,pDQHTLtNt-bC3DJ_3gNdk0-q1bfDc4ox3_PyNhUiKK6etYa1IJz_xQbr,Z3tsZuR3BIhsFsx_JS8zDNid5fkqvrq-BEVavSQo0q2GYsOcQ76hmSvufGL2VcMHvD_fy_aLTU9KbA,6633,1731704184200,419,1355,I,174,127,True,False,False,False
79e0o5_fVe48lW20WH_b-MsnsefD_8idbQDL54f8xWgcPLU,Ik00AZIDHTBmVyi2VxBWfr09fr00U0B3DmHMiA1MnrFPbmo,qJW3XBu3HJNaME-6rsyn8omivKOcwBuqVn9VdqVJk5ueRqJy-E73KfTVVSmzKx8d9R9F5MxuqC0BjA,3838,1731588017000,465,1345,I,235,198,True,False,False,False
gBF3gIOpZ7fpvk4742lwujHkDuBPO7_AS_mXVBD-huMnDLQhuF6k0pskhg,_iTT-v4u-wHEz5j-gxIJlRjcaqJUao4GCnRRlwS9l7BvNyHy9Y53IWvZ,XaiTlExVWwaYWLVKsRxQntxDcdlN5_M1hG0D9QQH4nYeQYeqTOEQQRwjWRGIiSuHs8sKrSloM2cIIQ,6308,1731751335280,405,1341,I,163,116,False,False,False,False
nKIx7DqDEDBVjmfj3ByaD5uC3D1kbHFh6WbFRTcZ4JMfl_A,EXJxWgSpLjspMdz6oOuJ4NBDVaNGJl7FelFDET3uE9tSKuZ5y6QhKLmr,bO3n4WyKhhTXrtnFViABnLAWe44WCwzbGDkHuHwR5hNugHwfK-2TMDtpHmX3mnGQmrZ5_j20kb4DPQ,3543,1731749550246,424,1337,I,247,208,True,False,False,False
nEYaX4f5gOCiy2163jMzkrC4kyR4wpz7VvGmBzf_clKlv5s,U6z0gUYCVqKWAV6usfSZKfmUBDpVIOJbFSExaGv9ZJVyDrU,SNaHlaHCRLfBxrvvUdykowCywjAxPb_lYzKyhCeqw7vHajOG7maPv4u76SqFs42CF6UvOKem0RsLrA,23,1731745739109,655,1336,I,142,91,True,False,False,False
fXP_Gm1QqSw5cf02fgUf9oCUK8pcUiq47FSPWrbL13Rvyvw,xkTF0GLv0gP85fZ0ha17R9KjTGmKNWDHfDtfrlDAfqucLZY,xbaOyFf398ES6uBIDUFcPSVJ0uZdc_Peq74kIEQQyVTp7XuLvEWhIxWASbxpzabWLFBrjgmB1jiA_g,5980,1731677563845,503,1327,I,126,72,False,False,False,False
7-hEmz9nD2KjhpjV3IRD2dHjy_F6bO0eisIskjmgVcrh_iKPvdgO8b2_nw,_GkLmMbl31DbjYSns2CAaVsIpR52e-yKSpQEB4ksjMS0k6p8QPMqxL-z,ltBLPdTX6KVCyyxP32HVIpRUEJHDAQFyQDov2SJKl8KgIiUp_6cZLpd1KFoO8CAbx_Cs71wIesZBKQ,6544,1731745739109,77,1320,I,291,231,True,False,False,False
5Ux3s65SwMFhjaCA4KS3k0wPKUIgMFemebdIpon2PtOayVPDZ8F_YZYxBg,Y6OCL1Hk6OpN2fI8ljKjw28-1OVT_eFpqPPr-UYw77xhtn2JPVNslpZd,-Szk6I5WSsZYqt5_CGaivrTqLXHUvVZHQcZK0w3LQPQxZZbKZv06Hqzg5HJ1_k1Z1R1T967L4LcZIg,6645,1731694871449,75,1315,I,202,134,True,False,False,False
jiD-IcjoM1vqMenRhepRsGuSIDjvyamr7-ZSSfjVaj1dr6wvZdgKQWyMPA,H_ce7XDAVoThpWJI4gNQ19i_k2t1BP-U2iifZYuU9GqWKtW0Z9iH-3WZ,jYZWn3qv7eA7qo1Xvo1t9MBPU4uJBZVChKxekj-TenRTQha1vM-vMNv0OaRHKRJOMxIC5c0lFli23w,20,1731739547527,404,1312,I,219,164,True,False,False,True
0RZHnyqM5d5lHl7puKEetGDetUaA2XjnWGjHe4zt_auV_L_JyueUwUBDpQ,FX29t0IOnRUGTwM8Q15dzUjUxN1_uZIgyndSXPH4Fvi6i4IsGgTEtOCj,tNqL4SXru278olEuSiWr_sx3FnzeXPnrUNoxTXEJ0DmnMGtl33fO_HwMzKb2lZ1Yu8_8xvqvoCHZ9g,2076,1731744222198,144,1311,I,283,247,True,False,False,False
Jjvt_6tPdJCOTojwGFGaLE5HlvfXwu2wxOgyfZ9tVxkviII,qo-f7UbgrJniND7-xjcRLnCoO9ClF_y4OXNr6x56cMDr2Q329sF2uk2T,5VbrI6aQRaQ3mylLHIgDjKx8KlVGoWg2dZBbJP_-t7XllEdZ0hjBlRpohJKi75uv1RAavcl-3qSOmg,4532,1731604922000,567,1306,I,134,86,True,False,False,True
ib7C7cBozE24fVW_JTHC1Mp0m3puYaWQ-zRNIkYOX0haphGu1QWxmvtB4g,zTEbeDqID_w7Mu9i02n3B_kGjqKGsxCUwTV4cINJu9DT186Va65YZQQ3,To21WXJLAd4n3nrDoqbaDD0H5Boisb4JNUo05uiy-gJL9NxEf-pgY2MF33IfBHOZ88psP5N-8jfCJQ,4302,1731617540000,130,1302,I,170,124,True,False,False,True
HXqhbnKbBZrSS10IP1h3MXBsn3TZOOY27Y7kYUY4taYTiJ4,ECa_j9GB221Ix0ESyILk7s_z3l7uiioN53mHobmrgX-Jl4c,wvVeiFUjpE06qSIFPOB_Q-VMbExtOOKkN5Tpi3q-Iez0kEYuKpIsyj8GiqH0qSvgJfuZsNnPzHkjPQ,25,1731679504496,822,1299,I,202,158,True,False,False,False
Qe_jeOywrLdM1V_qcoXQPj7dVwh9oS8mqo7Z89aPxxi5Dg,9aN9aKuOYo7nlAm7fJLV747eaoEVEe3CCXpIDT5uIG35,fYIjAaAVS2aHhTCTGdh45_UTpxQ67HWWPwyIFvZ6PxFT88fqIYPEDbRWxMPKvBk0MlLQspoFegtxew,3019,1731426128000,887,1280,I,246,206,True,False,False,True
MAmgSrNAS_Q9jhZam2K7MaEH6DhczzIUv2UOAW65VIGiRwo,jKkAki2nmV-yTjWS-wPTnn-LhBB56HlQNhZ-8Z1gsNK9UkjQhmbCk_PY,wM3-Kza3CennTuK3YXPfGCJt0uEIlIUuAb2TzmzppgZSE3DMrP5hkjK0b37rj4D5YxE2cQAksJD3lA,5766,1731656158000,190,1279,I,146,96,False,False,False,True
ChYLzU8791E9eoogl8H0HstlER5Q3Rt4SJEY2q1OfiMtl-c,X02v9OSyySAHcPgqHwwULWNxhi3UmeaJM3-9fNL9I4pCrZoQEiX9OwTl,o6gGrKRPXFkciGyz_3DrI-Q_7_xKcCKaImRBG7tiEK7tpsVBT3JO7XJhCAr1wLJ6rYJcoxHL9OSG7Q,6636,1731750037204,662,1278,I,132,87,False,False,False,False
n2EU1QV7GKQzeNp-KJ8yEGJdPo-tBMXR6A6a5RYm9kykPc-2iLL5xeSeqQ,P_xGsBT0P7loYPHGhgXoo65RvHfUe8iJngMFMkkY9e1vEIHy1IwJwBC1,XVXxrLxtjKV0zHpxG1uNiCo9LBxIaxST0ut6ELOWt9c7vSFTMAKoJx6EMn7LynTuk-9i1di_jtIzuw,6734,1731707910556,141,1273,I,320,274,True,False,False,False
ZEmW-MkE4OBzvtLhsDCEBZuuhJhaIdg_X4XpPqBTY7It1AQOnlhtnM00vg,6p_9neWexb3EvJlCgkT45BA2-ujT8JEVlsYtXzqZV5QlAfi6iwQOC_I_,2JprkyYHsu7tKs2OSHyOjrMdBBvxB2g9o0wUzzVc-UC0a37tpbsq_anN5qm4E7L9Dr102KnLS2YrRw,6724,1731751367028,792,1266,I,274,232,True,False,False,False
Coyb7YquJo9_DQKmt9sVb3--JI9DkCfIs0_FJ2kRrO3oBQ,0WyRMHNWw6FLjtQsFbTcjx0RLhRyTAsMHN28JHMblTcP,LXeijELEMQlrw5yXnfQhVJ8Mll1-1UsVNZv6oTnK_XU3mf94C26DxF-FJTOuNtY7TiMOAMUhCo5B3A,20,1731746717668,1137,1265,I,215,167,True,False,False,True
Zwioq9BX4IEwA5P3049uEWAEVCRaenaA2WY_X5a_eY54mIuH,XJK2DcqOlRImJYuvF4uAr_5JRIatHAmujtXT1tkI77lRS_Aw0B8U2S35,fRZn1nEp73nOiRMnK6NCZgj27V9FhYtd7dtudEsG0l-JP4JGJBiCZjtbtpkPMrjJpegpfgOkte-XCA,4068,1731499566000,744,1262,I,147,100,True,False,False,False
PsJsmqB8ZSBnI0eTi0Yfl4Vzggd_MwLA4cvaDXhQRTNE2KUYy9BwPTcVfw,2aWjl8e1NXTEl6Y2nojx0GskiLbNgj__ksHe1bahX7Xrp1CiQPvJpk2Q,XuqRRscMXnjS5PIeHRfc8Gx0rVVaRCtSIH-0VI3Yv1B7Jp89B8wBC4p9MQ8RcAp3a2TRMqNC-06exA,23,1731748325632,499,1249,I,168,120,False,False,False,False
g30wpp6tsUDfmsbqWtKihZo9akmFgoLs0WUnhNwi4aYSD-E,YTNhttbcnm6RomNixbr70VoLBInjcliwjQ9sOCA__haTn94,_8UMI_Wk9SegbgLkg6yY0WZreaYShLgIF03d5SKTHWip9lud-qjY-ID-q5Z1aMwYiMjY7Zp1jl9RRQ,6298,1731501144000,550,1247,I,156,100,False,False,False,False
4ik-qd5yfJmgETcFsYzF4CmOu8fYDqh_7X_ghrU54dhlGXIXZ6XiwUjIRQ,uKNmKeQ0l14URuWq151KGDQ1oLS6vSLg1XDZjVuhq0I1OW2SVsU5cLdM,zXh4-itJKIyj648PHnje17IwHZKk4UWFPFlR0mGNiHb0v3f5E2AzClxaO0-0H2TUepTXOEIK3cDAiQ,23,1731748140787,146,1231,I,199,156,True,False,False,False
EAy_XBSpZwzNS181eg644YywORQy6jnCsHUYKoxDSUwbCEGwMwmGpZUtyA,BwaiV1YtoVLS1TywUkg6oyhqIGqtDWPVheQt-vg-YN0oQ2kNqN1GRi--,fPpyttMuUu4t6hYK8_rnZLqpIqbh9DMP7-g716tx7RkP0HQZ6tGBpx_EzUfqiXgTbZnParXTNEo-jg,4924,1731751367028,687,1229,I,271,227,True,False,False,False
PbWXYIG3gO1TA6t-Y1568HVbdylyI586ifYvyJA4JkHiVuY,7A56pH-Egsvyjtj5xcMOd8RK3hy27_gM4l3-JJV-h7dLMbtAlmdgR53a,TbFlhSku4kYAaJhgeyM_Cmy5R4wdmJDvQ2p-IRsVTULCf1q1rkWqGZ8oqZZSUgXu8t4oJcrwt7i13g,4761,1731338563000,626,1222,I,152,108,True,False,False,False
9u2hl7TvTYaYvJ96GQYfT6il31qx63OkTHg4cYAqiCtwA6zYXlcMcqzsCA,GUAzQm9mKmXtS3wh3eah7aYUKcxdAuS5axmoVPyf1uonUEMEpoAxngOy,L3-1QiKCPk6ubRCkLdaIJyj-M4kX7z99bAPUiQxJP8C2RYoekOi7KS7rpKzlT5sSqZZfpVIheFMnwA,3836,1731507107000,83,1219,I,326,258,True,False,False,False
b9TitMG8fro07dX09GDnP0IQAlgn2sJ-KwKnPaWtbKNgtb6yzFdvAGAuGA,7WLg316rupacpqlZB8bWnANX2RJMZqPVOtWimk-vZxaQyNu9AFFVeIVD,La7YfMPDvouXTE3udZfsxn3-STFdSquyPUC_t7ZtEPq6Qc5jfl7V_QZBi9LWbiEkw-BvOgtCYrW3ww,6265,1731672285089,291,1219,I,164,119,True,False,False,False
vlIplct1iCKT8xa05myXZpY3d2b5pJbwaoUlLOf-ut3Rp-hBfn_KgVS8aQ,Tn0nUBSHcOz8YgWDddL13ihtciVJ0Jq-TBy6kdDlpbKU1Yl1FacFa_9t,zEwYOl_-J_h7JakAG0URIMpsQt1h550qt7cdIwP3etDonJuUZY06izZu_MS16sBzRmgUXZLU1fHNyw,6737,1731674491908,138,1217,I,212,174,True,False,False,False
A4PjrL5a_TBcjwarWqKAngFoCgex1sPGwsgclZBROTqBq1nnkdmPyCztWw,hC3GQSJUfy39ClPrFNXBGoYYNLlwDLc1Egkb4_N3fv94iAna7QB3wmeG,O__2KyyzaX19q6SRkTfHAJZsL7UMM7xnMF_6PCxbFO7awBOMATmBDnwh6JoauZSrxjjbl5C7U0g3XQ,6511,1731750154962,193,1213,I,216,172,True,False,False,False
0Idgcjak38CeDazq2OvP1vU1sVNUDn-XmoUUnS6ywl5qmkQ,SrgvF8UU3ysPR0E10aRAhaWeqlnDpDrMKAucfRYYMnJ3stA,-RsDl6jS7WRUwrWP6iLQHssC-ubLUysrETlmeAGlvfPAKWFvU4hf0zzv7RadcKkpiG0fniKoq2KkTg,4408,1731591442000,621,1210,I,141,95,True,False,False,False
HyY0gg8E0vA1t1fOHOvxjsMg64PfJb-8Rz4jZ7l4MWwr8P8,zRKdYnndPFUS9IzTjDuhIDgqSwcp4g8-hiXZMsdDOU4pWuh6blJJB1vm,UHE3NKhjofmqWB0DRTt70lnwlmtiEWxud80WZkHIIh4MnWFnb7i2UxNAuDai-AFkZ-YHuQqlCVnpiA,6626,1731665285000,973,1206,I,230,186,True,False,False,False
AqrV27eAqa2N5zC0N2C7lsGjbP0mzAdsGDml4DQhMCG_QIpszahwjo8SBg,CIsyPtOVOcIi5mMUi7Uk18X0ym3b8n-jIhDHNFaOYmmpMqx_H_Rm1Iay,Iccy7WrX94q1gIEvxdUoravZaguoZ1fMzxiOIdOIIq9dSmOWJVlGYOensR3c-FB9Xk9-YtZ_YW3vag,5491,1731600705000,584,1194,I,217,180,True,False,False,False
0M1qG27nI8axBk5GfLZ67guh9deZrXlh_IJ-19HJoZity8Q,Uyum-EuP34Jw3pRlLqSh0UiJl-4hj0XwMGepXysydi6lSsU7USDuKIQl,Tb3cVttoAhAoO24XEAhYakhu1fTjbClt0bGYFd8-CJXaHWFQvLUDdaad6ATYznypV6tsbhWazriIOA,6697,1731739885521,985,1180,I,241,204,True,False,False,False
Xx6IgOSBQ4_cDNKsCG8aGYbTaZAb6zylnSjNUxZnCs_Os94,w5swIxbHScrPxd7veP-6BWrWnn6l3ucuWyfwc9HGLk41gag,jb0J7pvZO-HhXjesezCKwh8RDEGC72xJfgMIEL1X2MRi84d3ttw9B5AOu_pv5jvkBAWQ1Cj1nhQHXg,12,1731704299000,540,1179,I,248,203,True,False,False,False
Zri3N3nNl9o3AK9fqsw96MEBinxbKGkJ_w5nLzgSpHXGIks4VYSZ6XNP8A,ojRcjCZaEv-iGyYnuuHv1LmBYAQwd4328mcS6SkiG2txdib9Eqgk6PAP,hS6NXEtZShKuSM0p7vqHJkS9EVJ4gUV0WmKcobMx65BOcMbmvKHgdJAwvsNIcTX58RQA1cqg2_KNLQ,6001,1731751335280,590,1179,I,246,203,True,False,False,False
aFeXiew6wOGR-vqYOThrpAxhWr3cyzrGNT0gdow21_jm64jovUh7DpLg3A,V3HYrrKM2IiFAcKq_ZZHT1jjht5tDxJx21DYGsLF5GF1HT2eVIUFokz4,Q5kcrNjRZPeL4o9xLeZxStv6xWHEnqFH22kApi8TK5EjLKiF3GNrPUklvCXG_B0ICco-UOrhz3V1mg,7,1731744215726,190,1174,I,119,68,False,False,False,False
6MQ4AkJCJRSPjto_8rBWb1nvfmXausjAsXDc0VFxxiORZ8PA0iGPLRQHZw,rZ5pfCQwvFi5ZoMIeuWgvhM_9gE33OAQwupQ1fT_EqWNBXv2VyCpRgzO,1JSaZI9r5e-QZNxslK_Wvvm-yqjkQ2HE2LQMFa6voPAtE595j6zd8VfPppz7o3DprfGCbTWxoLqItg,6631,1731744215726,400,1171,I,186,146,True,False,False,False
Ax5iQgPkFT0Xqx6AMOyubqRgUn7oftAxo1wTVdQZHFBJvVpDjHzZGhUjuQ,SeiB_T2ylj7edvzMGjGHLhsnZKpO0A5CaG3yn8w4ilRB3aYbq6balWCK,JVJfH9cleyOG1gGQ9peZsTN-7oN219LitWV3A33KVN5xJ99OyIe33pWG8UIoBsVVxjcl6LBBo5zqww,6263,1731673686531,233,1165,I,284,244,False,False,False,False
0Cbrfa5oUTPaSxXDtCjeTgyMwymJzO3lupg8VgzZoH4l0738LntUhZ6KCA,xLxElMvBfAOMqTiGoJ-oZxPGSxrRKrbeyaHxz4Ed_1NDu-UtvfDukqfI,j5-l-Lqj3vPo6tphHoJw3cAIe8KBUH4ps4de3BJGu1mjNnNdBopwFvlPdAavzrYX36aBTAbOclS8Kw,29,1731749550246,74,1162,I,311,256,True,False,False,False
bYevADLR9u4oh8JyJw0Uk2m433xMeePTuttnvInZY78GG53ornV33zibcA,bTKvVgeKRMmH1YPDVC_QQwPPzXYbJ_S-mYRY0JXM7w7t4Vx6-lP6WDuk,wNin4U0-iq8C0JtocuQV3zKsNeK26mOr9ifzd4FdWTCE68K_nEbtgWzAeVULf0llHVBBBAZIKDWAeg,5063,1731745739109,572,1153,I,255,215,True,False,False,False
KCMyUXribkWzRyjyx05-Q8kovc6gwqxub-VR8TTIZDlPFyg,Lxd02XNK6qPreLgXVH_XACn6Aqxmta7iK3D82v-ejqcNNW0,Mz979qVlV4mTr3ECKjCp43jhGwGUuqN4mkkzf5aHyZm4NQjfDl6ck0mKoanaids4xwXJTkpWBEiy6A,6318,1731693989513,743,1153,I,150,108,True,False,False,False
ldru4twlGwee6i2mYQ41we6H3Zo-IU0L1kcjrBPg2CBtkv3pNWmRZyu8iQ,a-HLYnjaRI_8Mo9__e4V6UXDaxKBqV_t99O2UOXI6XvQwhfZKaOidROM,BVHbonU2l68yxyUC9lZd0pMklEpjN1EfbqoJEJTE9Ek4jFZyG1qS7AVBMghryVI7akrcDPMVj0G0PA,4534,1731718545967,98,1152,I,149,101,True,False,False,False
7WyvkWL2azZUKn8CMCVqWPHpz2sO7i4QDrGE3OvQooTamgv98R3_wxbgwg,SNYsNxXwt2jx9nz7s1Kv5WBQLwpi62Ba3p97_Wfz-4YOKb3hbAYr8tnH,rsZ_y-zlMUdB7zr5qt1bpYI8URqW9hDf_g8JCN5GgPpsAqyq3Esv6vBZgIpCjYGy2CuTP1CIMrTYAQ,7,1731739969026,473,1139,I,237,192,True,False,False,False
gxAN3VCEZU9wcxW16CyD0o8kxPiQkiKBbQUlobSZX5a4iXY,5QBNSEzZwu0bx_Z9J_Qyldvz7-LVx5lqIOWVZipFG6v1ckmQyJkAudsp,FJIdv84X-fG3m-2Fgdw4QCJvO_1YdNCEZb9RRfzDXujC4NYGZWbp3MuaiMbUhWCi8W28Csg58kfQbQ,4755,1731705941292,1002,1130,I,212,173,True,False,False,False
00D0IJ6BL8tXX6YxAWHyZxFCU6wNCvTIp2VK0Id72F0xg-WrYhWm8x9Gqw,7lb3q2K9Ldjo1wZY80u1hnribsbEsJXea-OKIEAF-WpSWmMK68x3JP7Q,XB-kzINCgbw85u25rPxLaK2XERvCmJ7x_ddO5pBdSUJJVHoLcRbyCdeu3c3-zaBjRLoPV9TP5U8k4g,5736,1731530416000,196,1128,I,112,70,True,False,False,False
JbU4Qfyjg_7E9QNY1j4nkaKNRb0b_e4dfSmz0Gcm6L7u2VT8,R672aLHXk-1GawbhVv7Ekn-L-2ztJdE93YJ9PskKqA1AsKXAQ8cYsM6b,ACccGM9pboPY6E90oVdRu8EMaf-u8hQxUwVyxvJmUM75Bsb6TTHUjHFBFh9aNU1PewATHtDks7hL1w,20,1731721297368,760,1124,I,241,199,True,False,False,False
BeUOrdBwqv-ott4swjGN8o2mAvqUSQ8JjKC8-nw1e4Li-Cc,aRX7gre8Cl66PkTtDIZLTxGaPcJW-t77ebQnOiCqruAzvkQ,gBXXivN_cha_KT0f5mxyzHROJhMOQKUHD9JrnTdVThwI0Nr_oEIXaNvA5ws3x5vYg8TIBTXbr4v-5g,2088,1731552764000,838,1120,I,182,145,True,False,False,False
iwMxrx53LvfvRozwYetpccU5SaFC0S_jyhtrimfBgXkN7cP-tXdWOcQ_HA,2_EfOrXfLHd5rOfC-ekt5RqYeRlhXLT_lrFCC5sYLktgqqnKuMv2uAhw,EMWygV1k2YrQRegEWbzKE2-5w6ts2Hb__4NCpRAXaIW2BE5U1LipAYhTwZcuJnzW5L97W4o6UibiXA,23,1731747958411,54,1118,I,166,101,False,False,True,False
N6S-MF_Ub9hhPJ5ObU2ZKm0qksV_EUlYsELc9ZFKxIFl9CdrRt7vvzJ_dA,j40kowpLcNKcd-ZnfnDXzQCENaJJTqbbmInE5MFbQWk9g62UyiNb59gH,bejoahyfHbuHO71ARdG81Q5K5zSDSLDx6lZEGKMXHhMAkAqcGlGEmLEw2ABDCjRzYFQNyPQqbJ_7PA,7,1731749886863,309,1115,I,198,152,True,False,False,False
NXkp5Fswmls6n0hxz5KMeAoxDcvM7aaGByZPhMbFkPDdFGfI,MpqPfkf9Fb06e7zL-enYfskNhoo8UiNuetWdbTp1bSzzTsKvczDBiojN,MEp27UNnD8zVA2sHqBsKZbeeMyCpfMjVh3P5F0gRWl3gKUkIsS0IhfUVPRbPqiYFSZtIZ2adgnp59w,23,1731681948022,504,1114,I,207,170,True,False,False,False
DLmjZq-FeA-HPx6sAtzCbLQZ_e1qizPX5JB33WODy-ucNSp0DbLY4cqZ_g,aXMiET6k_EFC2nlKx_DmUE3i4xMScK7VPMZtQCxcwLWsX99awAxbCg7i,CxTHeqxKL2ToXCLD32vXcZV4cp72tyF-vTV1psLGwr5QYZ1li3OFiaiQO2kR_y72oCVLVjVTg2XZQg,23,1731745739109,195,1114,I,119,71,False,False,False,False
99BW3bSnrWjndBVjLCi2V6kMpHSsTTbk-yLIpHQSx12k3YOjyWavOgzd-g,SlsBJf3FWpFpmgY-VIV1KzEylx1tmIOaoUdItBN4exSByLx2Ck15zznE,OtqgZjCQDh4BLtICklquJeyVpWMq9ms4rZRHK1OZwHW3kM9noABkTE7wTf7fLFyVQZ27HtYsxyCR8Q,6502,1731521201000,145,1113,I,169,128,True,False,False,False
3pcHtrEsBQk_fqK76QRqL5XdGQ8oCbh2a0m3SRayw04khkw1iucLTr4lXQ,8E8MuV9a9m89eD1_Ao7yH1TyLGG3euDUDOnfKd0iH9-rNg6b-PZgkCvA,6D-UGivUgm4d8qecqNMVnukPzehX-S6rUAUAxRAt56CyXESJcNrsrCABsVqxu1LLz5bZZ0V4j9mc7w,11,1731668559467,63,1102,I,150,91,False,False,False,False
mGQKS7VHzcCrk53LnIO-DSWUetVSXPjcZqH_zg1TyG6Pzrg,9C-cng651zb63jSi2MBb3m0XOS6etB0jOh03pq91biciUR1HPCl_y79e,Pf_W834SguUQf5f8oKg84WyYALxmmlyg4ItG9_k6UXCvlAiYyHCpR3l2EWTzY7PKU09N0zs78gUgGQ,4150,1731650516000,645,1101,I,173,134,False,False,False,False
x4jmKvKuuKZvDpnIgC5opRrMduzstxUiEKVFp9L359ncqOQ,7Sr6Bz9YkxpBOcUnltl675kW2SIV0HWaSOFIOKj50QTzE-Z6obG-M7Kf,rBN73mPLahwQ1VgVgc0BaivxpfMa92-5KnHBvUBMbk1JIx3o78s_z3SgSeFKvnSYzxOpJBRwbDz41w,5759,1731673829487,891,1100,I,196,150,False,False,True,False
FLush_VN3Dbmj8sSXcanL7xmKqeCfbRf9dfoOhH_MX_ukNM,ckVp1MCnSRVORUPJoMo2nIHQqyxPwKyUqt0eGvNLoINYp7M,pMbGsMuzC990KSN3UA4Kj4UjQt-RrwdJIEfeGRJke6k-Ue2RhKrjZDDJe_1j5iB7DV7AWWocCMge6Q,6709,1731669838238,109,1098,I,112,70,False,False,False,False
MD8eMKVmtIWjhkO-d9iuCTSPwAOAAdkxC_f4DHrbSWpDFx8yd8VEU_alDg,IdXiUQpm3dkn2v330w0e8BKOT2eLiCkGiHl1mIgkLh9hMFua9G1ZCa1m,RvmQZhpxqx1O2wntHR8cVVdfqCJ9aqHGG7daeatxAHWzWcIOxCf590dZhzJuLjOJEnxCwGlXfjwNqg,987,1731673686531,164,1089,I,274,236,True,False,False,False
-iPJcVWhhliK80KBxaQ7s_itFU36eumQjAeDWPEDMn_fBb5EQF7H_JR2Ug,QGF8V6fQVicEZCDT-zhOr58ll2iPMEWde3K9LcL9d6Kb19vVcblLshqi,VxsVPaVp2LOSCDoGu1aZk2FqhDjQ1xZjx3dRWqf0echrRbqztTLxuwAV9qNnLMXpoc3t528hUy-KUg,3227,1731712215318,186,1089,I,163,120,True,False,False,False
IFFLugcpx8Mx6tzfvRD19OXtgYDtFLG1udfNh8LcQY_3674ecxiYHKFVgQ,3iqXIzY4WbsOky5Yb2Vkda1osECL_RB3rzCPkycc1xiqToJTuFHNKEV0,GaY5UZvpMcL5nTkkmRhASEXhZkarlwxdiMF_JcP77zZcxrlT6l2g7btUkeRmXbepmshK5H5ccoQ1rA,4151,1731747584112,372,1087,I,177,141,False,False,False,False
0KbJH46UScRW3VxK83ew0XBg_RlFAKbfCKFsl7Sr_ZlaeM0,lXHxhIX-ydee--5oDD4yERqFVlSJiI2ix0k0_rtnbj-k9QU,k8pY9jAsvliBnH1FvYAdihtGeOEPtKrcSYpQuriN8iyxUvmf6ZysSfyllV9QiIul4tgyqk9VDeNkAQ,4536,1731681393623,650,1084,I,171,132,True,False,False,False
Edt4t9j1vJf7ShfOSRBQK4yHscwiHwFgFKGAxIcY9PatdkjAOFX-fx3gRg,o21o2VYiOmmya6NHxpaeAZL9qKCnDxFXcb9plkZBbPnsJE_kr7J3VpKY,jH6JAElHRM5FvLGBwSUYcDPZm0UVZFUpd3x6nmQ6yzE3iGRh7q1NUtBm7AwP9yR9FfboHJBRgxvpFw,6726,1731751326722,73,1084,I,170,115,False,False,True,True
WaT7aCyslBmngneBJcULDItT-G-m2THy9uIGgOsfciVc2R4,KDGz_nDMPi5Fb_FAQWlYZaL-xRVpnlrNeLZzp2GTckvfhYfDYs1hjJ0N,ApLY8gJKY6xSllxawaZaA-a5RpD0xbqvjabDgf-sVUAAyEgFlJiSQ7hYmauexoGkWNvx-kSfenfYFg,3622,1731663428000,564,1084,I,164,125,True,False,False,False
-ijuPtehec0QiAEQ8oSS5jAQmpnt4zkoQl9P83NErSAmRbs,Aq5deqR2eYqYND-zThqZ5dp6QQmm3k3rx0EU6lcINK5CjwQ,T5l_Gtq03E56KljwDH4uzmVerNnaJF_lwawNJPmYa1WZZVjvlLlrbWlOZZrPoXLcSiGmgRgwkc_R7w,3153,1731739969026,379,1082,I,148,107,False,False,False,False
s8ZU_htS6zOh_l7JJJ17E38xQerYz8DZADVU5l4ANYNMLq8,WkhxglhOdFXHE2-4Qk6J0dBVhSYtau5y1XFtSM_QN7qs0k4AFcnVTgD9,cCnL4tMGxmExWlwZqWQYyi4dAeDInNiTPU-wlz38UcIcjz0mkfVQ81WN9pCl5px--IFYkw4UN7UBxQ,3864,1731751326722,148,1082,I,139,95,False,False,False,False
XTjf_IEtYiT4mg8HZLX4Qj_zCIBEmEh66nxaOenSg2u16zM,d2KwvQOB6jC1b3vpsAuYY58wvkdHyNIFf36oBM_w5nyyPUg,v8rAs53cgwaz1FW6ORQrQmbbD1V7sJED6OyfT6t9wPws5g1b42TCKM3uFZG76bFz64F8Nb14XJTDJQ,1637,1731675998582,506,1079,I,148,111,False,False,True,False
r__vuPKLXlCO-XgCT7z9kNpLwrrM5GnXgtp0uRv_PKifHuQ0Tik1bFkqEg,lZvUSycNACInVoEyir-Q0roP1prhvZBkSyaN3FgknMkBk96KOgMc-hr7,Ba91RAJh5PT0MGGR0eM91_99LAuQxZqdyT8NqSWzrAguuUFqSXiXEQX869K1bNOXnT-Ktxf_kFpa3w,23,1731667030162,188,1077,I,229,183,True,False,False,False
dEWgfyWGBvZadNauzyVM-6o29foqdJDlay-lBWHry4syhpc,s6uRbcPEn2GoTtFOQESJKCRf9EeyVcOKGcs2t1AKWJJdK9D2AZosQVDZ,Nc0Z9tdExOwaC5ydVIpYjLMTy8i1G2-C3eWkSQU2j169qL6Uim_uG_yNgza2kNy5KwFo2K3_jPD9cQ,4550,1731749454751,607,1077,I,117,79,False,False,False,False
cf2oi-W-YCr-J18wlw0ncPKkdTduTB_iZkZsxmngCQFA2ji0WS54F9JvRA,TahQ770oKeiEwJ6mW2LT5e3X6lMLFBbmvOo3MkVJuz7T-rL8qe2ChMXz,YfxiPZsws9NaOp7fyL9ZI_tYbXd47wRriwo-xmIdVOey9SHfsss5vvjcIQJZphLPH73U2ye5qoTP6w,23,1731698331680,377,1075,I,113,71,False,False,False,True
w6rZaBxIq-j7GMPdpN26_xLBHfD7bYDsoYtvTzhxBDpSnm6V5-GzJ0vyig,VI9KLC22NNDXlBnXs_FLjPbf8r0AqHSkm-c1S1Twn7PbRw4NM7qRbT6Z,X_5orqJYceqDxL-OtvATYXXcMW7Oza6det-cocXjhe4HImXxyfkYwXKeOe9n091SM6Jcvw-zBU52qg,6286,1731747958411,218,1074,I,177,137,True,False,False,False
Z9g_F2hPXsTDaPYegKA5a_yZwvfcTpWv7wwmWGVBW05opAk_Ubl3_dc1rQ,W0fQG6gcAcZcOK8OyXx0wXcxiTMnC6mEkH7BblS_n39-mzT2VTcTOZS-,EgIVbuOm-qgySixbmiywdLEvaqiwrHhpfRrYzQ6tzHJgIVb7hY_bqXk5wCHmvf34qutSu_eZ53OrPg,6737,1731517083000,240,1073,I,197,162,True,False,False,False
rce-Um_5JjYEm3Z_DjPQv3xyriOQx0mgnWvb_ndWsS7poUZdtpyr32Xkgw,Rqa8eRTdp2hmO-smZscNb_1eLFlNLQIU71nqoy26jrFFrsxEirGwS1Kr,84VxcXfqrwweu50EY8LcebPfUETMB8KJUAf5pSK5R7JbtRofxiFECZR2ffL039pJYqmhVQZ45fBP2g,1625,1731673686531,220,1068,I,220,181,True,False,False,False
GG2gVm-GpmU0McMHEnFEMMlWUYnIlbYWi5YR-TisFYyeW_U,p0_LeqT9U6Hm_BANOrZkfXOJASDCQo7riJWpp9VVPqFZQEk,hz1WsqksLUeA_T2PGvbiyiRoqdrpJqGtY7HGfrTmkQbHSMw7eK0-2xh6u2EZYa2LlckftTthRp0cNQ,6664,1731711963197,691,1068,I,107,63,False,False,False,False
fXc7UhSXcO_CbaO7b94JJXKJ1MF0cROeYLLqVm4WZSSLOb03UWGIYT1HXQ,hguc_5VQuSaOuTiPTvU0czTtxog6p32yek_gAMjJJizMF0D-BGCu3tWo,k1ywqvmf9HVyjFLiVPFy7MLeXQ83Kze9h77zARnbTf8bFZFHiBtlpTyIjMmqlrfGaVStlma8oIkxzg,7,1731735132297,242,1067,I,145,108,False,False,False,False
vLBd0ACqFmKYgO_qdnpC-Ko0tBsvWjQPiuMSX9Yw4e7Xh_GOWsl1hTcZhw,752VXOnP65SdFKN2NhBrzK4lurjxeXxSE-urIhQ0Vmn89GWMAUn5Q97i,u_9FYOHe3DVBeTN6i28jAbDJEAMEDX0BjBrH_dkVakyixXeMm8uto6Tm1fPNxXlGp5Ubro-llDrZhg,5528,1731702250423,228,1066,I,161,131,True,False,False,False
UxO8xCmK6H8S_7apn1DBg776ZNNNs_q8oI3RyvDMMzWuwPeFrdN_MTp9Qg,i8nO6xBrmJFHIUa-6ocdvSbKuuwp-RC0cvYfck-PCw69N-XGySJAqGDr,b0lspkrM4eA6aIj-RXTnmWutUfqUG_R6vsNKmeFS0yVbjTTITb4xhP8l0SSDflU5sevje8GSiqm1AQ,3838,1731749454751,317,1066,I,122,76,False,False,False,False
NnvM0jwx0rVNPVwPmFhn42f_UlqPLwxZguVNotR_RejYW3wYZHemXIAvuA,4FR-k94btuGNIeRMDiYtfjKRzdVB57N3goc0v0bQhKyuJiyjtpEFBSMT,JYr_7yoJwsc7rVEz4TCvPEfugOZrgO0pQXHcutec9fZvyyJoeEj8J0wkTmb2ojTwUFuzafshHs8PUg,2074,1731735928023,491,1064,I,375,342,False,False,True,False
4E8vYQFDJOONGHWE2HZVWBkEn8LCMdFTGmObxNt_jiH-had0o0JU-E8aSw,9glBjW4-E32EUO5zov5lDXK9v8k8E4_ztrigohOlrqPbJNZewDjRvWxw,GUOMlCnchoDEKBL_OG5kG1SX-P4aJrxuul-kBRb0BqJm21V7zrTODBa0jfGdxknER-FK115_wXdgLQ,1114,1731676983476,279,1063,I,170,134,True,False,False,False
-RxgjQWs-9cBi8vxzoIbpEMAQ1iWoV7WLoV7tzJ_mrZNBH6Hi3XNbiqVRA,Q5qvu9taMjwHbroqO7DUILlokeoOn5oQlggBE2-dvIrbs-223946dSzP,MzSwmpbxMYfg774btyll2RdJAafAmVDWn1HSM_8MaE7Bpf-wXs8tEAnu6ughe7C8cMDH2Fqulh8hdQ,29,1731723506372,73,1061,I,250,207,True,False,False,True
Q_4RB0WRPY2V7AXXKKzDFS046NKePwgkdhhO8HmLJmU_4QA,IwtoX8H7XPcOGdo41lMiZeJRpIpswoAUHm6zNU71o_HJrfLLM9IBTvfV,Aq2__jTUMztjQt-ksU3DBa-Hah55qVdBbAvX_6OOnj5ps7O2s9z7zMW6bLrf0G2O6-LqvYPChfz1ww,2076,1731750364000,462,1059,I,128,88,False,False,False,False
AYXvpt_5XkXJLTwhYHrSeQmsM_dHXdVi2Jwhhmt2nSWcPUXLplohMionng,0ALa3xqUUdJLauBE2cCrCaN4mWQ6azfmjalouEvVlxBKSU9eOY-PXXDj,rRsWP60eieaBNb2t0JAgPlfUh4FKjwQ_RDKFhwiZGTHS6_yRXLsgiselmR6Vla9F9pIUQvZBaq9n0Q,6695,1731613632000,488,1057,I,154,110,False,False,False,True
Nrry-TJnhe_utrT28DRznWLbDthtCouUVQoDm37-rP5tvD0aiRwocbcjBw,asyuNMVtey-t9KcY2v28ITN7jp_0evbpFoof06dl6x6J77dRpLVMPJHc,bH6THSWXV49o5gh0nzNvraWZDSU3_l84z_8Is4NoeIJwa7affChpyQhLmLzFYdrcpK10WYM475oAlg,21,1731747958411,160,1057,I,119,79,False,False,True,False
95K12OBGswyoajm_J5zk5Y195qybeB9lLwkb8v0riLhIRV6BGoSMwWwOnQ,0M-FpoQU3isLGeeoznY_jHgyG96cxLrQBe5LB4DT9O2Mjygksa_P3Wxg,AzpwRN30FVuzYgjoU7R-3BGoH_bp2M5LsC8ku0WyoZ0xHv7mbUL_TWGsP4aA1b0CJTjrm8hbzy4KCw,6296,1731324612000,174,1055,I,143,100,True,False,False,False
l4zeOtpisFi4lpb2lFxfMbqxQtoK55IZrsSWiXDqXrlI0sQ,0ySYzX1MsALJBqAUIZ2dTgeZUSRrf8Nci5qWw4evhHfrd-Z2g9mOKHWR,yA9N49wuB6siZyHmd4IMTFsfgm-0sIRjuxpFQMCAqqlCxLMcu8vkmqyyYsyK9HFaCgSY2AZRvORPOw,6251,1731635246000,613,1054,I,208,178,True,False,False,False
gAY5dwSDPJLHMfP704Vo1y6z5qcYldrKsQA2_eEVSqUd3HA,gr6BcmTuMN3eMyLqjXZOxKWO_NsUCNcyLRwJd22txpQfqyFugZnLzs-x,ZBOkHqmIqHvlr3ljYXyoH8SCm8qoAmN9sATa4LiQbHsS0d6vuo-EndZtJCCl9LVg5y1OJaUyK4vs7A,5871,1731750037204,780,1050,I,150,111,True,False,False,False
T8daLKA_qfpGqp8IJseSuamANDAS1TC3ns2HwmbL_tEVP_J5nCP3Z_VMSg,EZZzF2EBBrw_3Gx7L86OgDDlBuDnCyzsmYZuPeqzNnAho8URZ54Qqoin,QKjUh0RYDy4czEDJ0X511kwve8UNnfCkLQrJ-e3XgJlovkLbO-Fxyftvydgsr_9Y8MhL7YtbyKesog,7,1731674338266,131,1050,I,147,114,True,False,False,False
B_DJPqoNFKHdMboUWe42blAGWxOUamZ4zlITjFZvAwfypLkRYyq3bVTTbA,lVs6L-_GCLQQMjVLFzsiVNcVSMA4GtOYz1NkfM9hs0i6mRaw_vPGBfue,dCeQA9hXPUYFReqeQHDHPAfNW5Ix280OfCIX9y22fYW8VizyV6sgOW0KmXcOZmrHh36ssK0QDbwGsg,22,1731750037204,167,1049,I,263,223,True,False,False,False
RcOw1A8f1iw5dxlrPMp_hvLcOuywZwYzKj56J2J6xQVSxA,bBjTeA9EAWeAurDIgmSyvce2hFMQrAMezMLq2lCucwS0,NvL5oovcnzWL-Dk_XHSk1JqxEDcg05HJprHzsdpZkrVcH7X5g0ZnK_aawOfrr3sxy77IPTTfjkt4cA,1142,1731751367028,526,1048,I,194,147,False,False,False,False
Cq3n6PLBUXsCUHT0bcGUxpvcXawnOuZDbsJKFQzY-JDLNHGhB9gF6qLH1g,tg6aNy3agBmzqiVbQOPXk8dmceW_2zNzBR9YqmvRFCgM5iIP3eJ7wzkI,iibj-gIciJyX2KwRix7fDoV5fY-fKOLSkVUhNOeGl4RlUfyGPg4fc1SkMgkrkYPDNR_lnDeKqV2Bog,3838,1731584513000,129,1048,I,141,104,True,False,False,False
vO9Xx2ArfOMvYgcHe-jKUWQ-KoIBbwSrA4OUb03iKbqR-G8,gTWSbmsQD4YBsvG2ou1qzSkfz-oTJPhVpjNYO0B_h9GM2ovpphRa8-B_,KG0Gcdz2n2l7t3KO-zynr3LV03r2mk4kKYRDO7GmFpdRKdiijz2HrUtP2YVxN5AK7_R36EIwMdXoAQ,2076,1731587002000,658,1042,I,243,206,True,False,False,False
-6aXsBfBubMtsGUgzchY1BfbI0f_yYoQpG5Se3crUin7--4HnW08etM7eQ,XiVqgSO7a5PwsFru24DUsKRqx1bj_gJJy5tZihul_L6yZ_GNA9r10G_8,k44BfNZMqlcp_ic-5_m9yVceof9tNwxYZBY-zlgkgSTQXFYH4xQtQ53TxwRpR9cm9F7aQR9uy93j2w,7,1731751565971,305,1042,I,233,201,True,False,False,True
rCIUPc2R5XcmpWEMwGGUhp7EWrB3KbRo4yt5BBXB4UjkkS_Q-04PL3G41A,uT58Q0mkrIw7HxoJGtdmBmQOeFJFsSCn3D36KdawVA2yeqyzfUq6Giwv,y6F-aILu2_tlXc4P8PUnxZRUycv7GcWVOAmykjcdC_eRMyqkK5xgLsprZr-4r0ufNRC1eomY7Lgt_w,3366,1731681214700,183,1039,I,266,226,True,False,False,False
MgfT58ywe1Dpo0PZM8XeW3o6aGYTNLLDw4bVMAYtxtZFlxE,lnmRpVhqz7SlDQi6cJDqleMGFbsdX3GITCgRhFliGSgtGYs,HmSs7mePgezyVKSbyEgawm18Sl20uvT5uoLT0t6x8Fj2xHxyJY7cfQtqHDQzgAYdGwwU519XGhWQfA,3812,1731698338053,536,1035,I,159,118,False,False,False,False
5tvZMuyJX9GwefyOCP_rze918_Y5II5CRNAHFpc5WFpI6Fk,WqKbk2irbIPsPTpI1Ow4JsB_SQes0owD1urkj2qXBIxFV3PGIh6ZABIv,gBG7I3JbLs6O0iFKVkFwfOBtWeFSuM9c9nybvxOT3lwFAsqSEKcWXgdruJmvT63fIlsxQ4dw75tjBQ,7,1731589004000,455,1031,I,283,241,True,False,False,False
vuWNLO7aaqDG-YDIH-w0jPlsSsE1pc_fqN23ny0S1t4nSvepho6gTPg0Qg,KrO4Uy1eQiCzxjQ38BSOv5akjEKSsigS944TWP-m61TDMk-Qm8xYSmia,mTYr8I97x2QKh3wqQECcDefUeZZEDlumktoXZ2Up3QuPSdEm1BtAdIswhngAtlS-QgEBE5gH3EdCRA,5488,1731693227152,97,1031,I,165,123,True,False,False,False
efj_25d4BNnCzJmSCXISeY5-l1Km5tY-rpzGay_tLcYb6Q,BmM1sjq7w2-CJZFAh78YIRxnPR1COJgGbsnbrQlrw4z6,Np1c-3TuRcjEMM428Ek3aJKSRNM1T8VEdO7D_AaSCVxOOZ7B4oUaO4C-s53ETt2LehE2Y26kiJ0uxw,20,1731589306000,554,1030,I,346,311,False,False,False,False
qCUklOFotysM_HlFg5UUGoEWwNkXcu5g7hAXxKIYOse3Yzv80cvoHFAGkQ,McFk36Q6PWcvkYNaTwpeS-DtrO3TPX42ewc6JzH45ws-wz2CECsZ_WTn,HO8LmcAuFX4em5KaNFAquPvMQPUuWd5YXn5ZVcqGran6jC9VR4BqtnEkO56645LhmEBQjzXIImssUw,1,1731735820086,496,1030,I,236,197,False,False,False,False
TaQw6p8lcXE0N0rOz4xb8rqD_eMFDE5JG1mXesmCrT3dgTU,teabS4BtbI5UNWYQ78gW4FF2YGYfcCgaUIrjShW9ySocKDQ,qze8t4_MpAoGRLsVMJw9wvoBQV7rdNfHu7wItMsHc67SIVAjZ7vhgI31Z50BWQLP63BXpV-MpshVBg,6296,1731684634000,872,1028,I,159,124,True,False,False,False
IJSoaS53X_VcZTaK34BzzlvY5vnbmm_QP9T92lldJU9kMwxthk0U780WGQ,-KbSMbPPS0biVM3ErQGBMl_Ibnj3ZRyttXVftLskQ3yZcmM6JgkgOLMZ,S4HZQullLOyQm9OkundJzpXG34UMDz7EkX3Ctn2FfwDFvyu6VBD6v-silpU8G1R1HMV_dueu9b6HRg,6650,1731730542045,90,1026,I,157,124,True,False,False,False
CvVjahipIhZqewOqwTdJ1Q3V7iN0DiBdGV1VZsM1JtL6xoE,Lp5POIeb6ZAwOHaAWm4Ux0hJa_-2089s942X_ETpkA5x9Zk,KJZI_A0btW37FdCMw3yQMRn9s6fwuFPALo_ujuxScP8WWmxN_rmtBBSdnERrslDQjKEnnIyOcZ9rnQ,6,1731741071164,637,1024,I,244,208,True,False,False,False
LYUqr_XGtzFaQdKoamgX_zKLgiZ2_WwJKcAQpln3Sd6ZLRc,pYEZvShyimDFj9NpB1bBtDz2lZ-Myb2U02UNOjVjAfPVoxY,lrez8CORdzjNOzJIF_wPKC07l3Pbwdqx9KvUjFL03dItrr7iIxb5ccn4nJHDJyAp8mKK6Fhj-gV2GQ,5764,1731675998582,435,1024,I,224,180,False,False,False,False
ljaAaTOS4PClfWPgw1s3g6U-c30JKQSpnLLLQuiVoEgz1G4,uw9zIn5d3fWY_mTH2K6rbahouClhq5tJ74AJWuzUCKO-bBHi5syJgGPy,LElinw4Av4qJ1H3Gi3Zvtk6ouS-Kz-lsjMTYf6XE0i8imvyXoZEYVJmXMQaXM0qIYYjO1XgympM98Q,5641,1731686636482,616,1023,I,129,92,True,False,False,False
wmzixTWTgs2Eacjh1YmwZpOneMextiwIc6VOyA5ouK-7RShcEzbxWKXhzA,orRv-kgpD-Fu2txOm4EKmH9UCbOx_0Z9-pYe5odfnVhyxQMzuEH949sa,L9gIl6cju8FvbaC1cfNVTb060LiCiVxwUh42CI2MZh4ceNdxp936ayTWNUWEp7msJrnfLVck-tGZ6w,22,1731730134816,294,1018,I,198,157,False,False,True,True
A5rWjRRQoykyB18eG9dpOOxHhhdyn4TXoysDvA5ujAZQk4ZbvxEAdxbU8w,SpWRJosHzxfX0F8QbpFQBJ8kReCcNjl83mpoEpegafmXjth-KA60ZrqY,NP6Oi5vAXCFbOU_r2jlUjYudb9dZ9Gg4vxWLtAwM8NO7cyWryEjE-QYPAX80ImnAbhYFfwG6eQC8RQ,23,1731684634903,417,1017,I,207,171,True,False,False,True
LIrnSS4cSv8FzjN-0Y3So3nexDh3wSK3s9VxopmiioQ-P0Yq9quQWODIew,X_sc4X1rnuGwL0cG4duWzr9cYB0HeMH8Uh9nytloNGYh6AHpyvKWD2JI,KL6u9ju7nxfjQ7vIs-INlbiKnmnw0yj4m0mQn88fjpK1OhspeBQD6K0x34RclPULCEaQN-SdqR_21w,5182,1731745811137,625,1017,I,197,165,False,False,False,True
cm82uHZ8utFbJZCfqXsw3tBWHdU3IQqGGQqo4oYbYwcJfd2IKd0Bsb2iyQ,_vLzV9PiETKkY29RXx5jK7e-EbZ32xrVob_mB91k-xKzUwymDNiwwW7F,23dS6W-_few6ZVnKcbYCTYGXZTKPXbhVtaH55xrsh6Bhd-x6gGh5bWDRhOkHAJoPnq75vLOFa2FdXw,6621,1731750037204,138,1016,I,233,199,False,False,False,False
EqzvlYaQAE3VW2ih3k20p_GZCUo1fSxyj0FjkmAt18OgerQ,kdZ-timWqOXNhNCOArnjv62vdixWColHzXoEBkDR643_q6Y,WcGay3imB_OA4zs0-Liyw-GCeSBjUSXHe--jj0vBsC-2GRDHakE31YfR1EBx1kI6opdVffGoGQKVLQ,3160,1731694652988,476,1016,I,182,142,True,False,False,False
T1mrZmU6z1YNFY1kezC24orvVpbBmkJtqbXeDJ8o4KAZQsGpKY2Pou5-5g,k8MclCR3J1q9AFDGcdLsAhi6EsAfnHKZI8GGbgAVqil-Ppps0f9AAbVs,QK1Wc3GAYARpA6g-OcPl6g6WFt7di1mrCBxskxcyfuB3PLmj06f8IjvlfmV1ZTGVa1puzlmNbJiRWA,3478,1731748325632,573,1016,I,151,108,False,False,False,True
vYrN42zUWjXyP6c2DypruqBt-Z3Q9nf9yWMc2vNsyvHZOj53kxIatQPM2g,baizwhBv-zveh7RqtyDY67w_KT9kgfR3RfMvD2kPo5VMZwMQLRhdxyeS,8r5Bvb9qH6olsu4e7gaxGSoaZPEJ_rcc0qE55ukUKox0giaoY3wTRuoGwdxjO2GAB277GRxYt32j6w,5451,1731705018886,47,1016,I,134,70,False,False,False,True
01sAISBM_IdM5gp-IX6rC2lX3TXmWDKlrdS6gaCDjUu1In9a2X6T8LAVJw,d4FT8mhkku_TfflQRGe-MAFU6NxQ_89ALg2Nna3dbOtp9w-O6xwlwwQG,V9v8IF6PQ1veRpH4HnJthm7XKWFsIr44bmtV98uZ-vPb6aZdO9Kng1AWqNfG8g3RzJBwQPOFYP-SBw,1637,1730411447000,199,1015,I,180,131,False,False,False,False
yGFr8E7XV_V4wzHbOYUSFBZunSrJXLtJ8GU9fpqMQlB9I82Q73ikhgWArQ,1r5dYorYPWsOFIGiMu38KCbIGMn_R6sCcvOtlxTMi2c_5pT5Wjv_X6QY,3LIDmkDdjmRsRmwL9sd73OnQGwowUuOxO7fUoePXow78MCym2y6BuwNkNPtazUM-rPG53rFKz1LahA,6633,1731699292900,251,1014,I,132,87,False,False,True,False
GxENariSg_ovK88ldJSgL_mNoac5V19co6f2cwKNubtLQfo,fsSx0U89Q9BZ8X1C1Q8xaaJso6fgl25wbeLAeu2FwHFpKEUjKnMng89u,7iBMbMQfwZQU18ZRZ8EaBI7XMNq5QKXq1qhnd-jWUi-wddonHp4IN58tEoYV7J5VbsUo1aAgkfeQDw,4021,1731699202671,447,1012,I,260,218,True,False,False,True
Vyt4cIZNmWeyNU0RdVfiF-cGDZCfsxZJGUpUgNF5_ordNNY,sFkMSHe067-mJ9-UD7BYwzXsy1gDcI67gW9DbvZnwxROFao,fKW0bzf1wIcYgc9kaWykFVcimzqjejoVxR_ZFrXxAQ4Ui8GMtqGKwoD0dqGq85TcQrwArxXFXuIflw,1,1731510923000,882,1012,I,179,140,True,False,False,False
yi4FZbn-4cR-MvSlO_rrkva_xmTic1fmuAUrW4GUUUHVA7b1cgFf0dSVuw,rvMbcz8Qo4WvSuM6qAmiejyh5SlF_aLFqyAFvWRmakIYzDuWPtAjyR7K,OBzcNza_oDDdpem0wMJ-_u1Ccajl3Hzh6DzNNSFGKRb-ah-XXspsnEO_vKREsUMEXalL_vQgU1ppjA,907,1731639530000,307,1012,I,107,61,False,False,True,True
5WnK7H02Q0MuHlp1YyvUQ-cXVQSMgxkfoGg4mK1pXk7CeLg,Ljq7AwfDVvMIDaYssll92YdixU5Icng47-ff_IVHNEb02HY,Y1fWoaYKhGBNTokJW5VGWaRiEIkkNiIblgkXPDudQeGcvuG4EnEI65KmvJPXUmQSv_E6Z1LaaryEKg,6698,1731750584993,722,1011,I,215,180,True,False,False,True
jqZk0gQSRqWO_d8qOByW6B2sSRczSuGEaznjPUdhB790gWw,MU2YEdvSBNkecwYH1U6_DXFwqmi2BXG6DKx-cXbvJ3a1-vU,odoRxW5vW4vNlKgGP_GowiU7n2SEb-bu51gI01QeEXqRGhDRJEpHFGvtfv16JftLFxkLvZi9DMjWJQ,588,1731717060345,590,1011,I,99,54,False,False,False,False
rDv_6Q-yOiBjv7zDJ_QO3_dmUYNEGCgPTAKnrtLiWiXdG5Y,ufmlHbVLszFpzxMXlcvg278FfFZMlohN9tvM4SAwJKdUFszTinMZnTWy,1ZaXvkSaXPU3dgkOVkRf4yjffMhiLIFh00MMCXR2wEExj6KtJOkxFW7xkUI2EkMTsTdHZf5En5u4NQ,5800,1731582383000,693,1010,I,82,38,False,False,False,False
FT1JSbqKgWmpJ5iKt5P9FyanZFvg9l_Qk6lsjNiNrJXg9IL7O-TnoT3HMg,nEPXtoRYjLj2pAIELhr8Yk2_b4s-nl3pMUeSfCOGg23YViiOwv27_oSx,1nGfHsBUfVOLPU5CURUcl2BgZ12DNjaJuy86mJ-DqphhBrwxmq_QSNfwZnOIVwDTZ7bkDCGuM5nJEA,6737,1731508157000,262,1009,I,174,138,True,False,False,False
BaSl8_hDlUXUDlaaoybYUEP55WFFEO5_SPT6zvmTFmaXpgE,GS6ykBfckz3DnCOMgbrEpipNPltKsoj8AzLyOO7OytuUPU0ffW6PVG5q,tmAhPY7--frQIFH2FDA2Bn7SVImPcsjkLRA_x2t9N4gKEvWEHolBOJCO-W-1ABwZ6pIaxYYVM6m_Bw,7,1731722047543,755,1009,I,140,98,True,False,False,True
Jlz0hiZh1bk4Z-IRNXUb2NozrdDYqrfX4ldstG1dD0OudoA,cR7vKaNZWhOdjuRjEywqyZbukWv0GFeSmhDEXh0oPE5TqU6WFLxXtf6Q,czWuw42YwMAaj0NqDj0AkcTbveHzoeMxlSMRUTS10mB_rWqMYOb4vTedl3kGuB6zDRVMySd2zBa5gQ,6709,1731601172000,552,1009,I,75,31,False,False,True,False
mL_mEzj2ZhMMzcsKd1dZD6Lbp-0-TnuDQxwhZp82ASKzOFilVpYB28mXGg,RMdq7MMuI-kgl2c_PobRAreILba916mTay5Vq-LxOjv07SsNy5ZllXh_,GB6yN-3T3h4FpgjKiV5rVRo2GDRbH1V0DzhP6PIjN3ZHfDZfn0ZNWxNZWkkQDIguRYVMABWBvbzsoQ,29,1731646445000,55,1008,I,141,103,False,False,False,False
RtFTI79MCFZjASReIAO4qMLfJk3TtcDOQR4JHriIE2XQFSkzVvxG5bIl7w,WeLZMHYMatdj35jwjOkIBoMNNrUpmtnNCRzGIv26GxZfCqfxoKbIJ2If,ayeTPJF7uPl76h8dzrp44dDpcdmJrKaeDiyr4wCmEDIjjX7_yv-9Bmbf-A3vKiOvzTgOEZogPnfMkg,6278,1731647707000,301,1003,I,213,177,True,False,False,False
rGTBnr0lOaL2z6zEhiZrMgWW7aJ-6Ctm8paOmfBvL0hncwktvkSHsfB-Rw,ggkPSWAciTQsjYUJVAZpujX-49DzKJZQ2_MWVBSTghr2IT7ewzqA8KTh,-I0St_2G9Y6Ru0BcJqTMGL-EZHmoxukhIKpw2PNfPgq1XA7YMOPOqpRjUFB37MBK242F2ULV-z1Jig,6499,1731725907420,154,1003,I,172,117,False,False,False,True
6KxnenrZ7YCUg3ZmnxD99MoCk4KchPDmJaxAvEUQk4i_A5Q,IAEzW0JGCjUwXhYcsObmnR1LerV55-T2y-JifpgaV2HKzRVtDwlGzjuG,kdgI_LgFALluW3PLoX7lI7kbnW8RzWxDur6XoNndes0DGUX-gpcHU2ZmzhYwnMHQmHjhnV787czVKg,6715,1731598233000,309,1001,I,136,104,True,False,False,False
8Nl8-pPWOrXoZthVCGa1JarRcS1PWHJzAfpm5YJCjGrMH-cctSDZFVpk3g,7RnxynNrj27s0IPcpDX70EmXVDzvFVoc7hnygFvKZPfcow2ndsTUysoh,7MHoTW-V8hPD9rV6NfUD3NXEE4hqJJly03C9CVwdOurRo68mgjaY3D5SnN1l8k7TCykydrBeQVqwAA,948,1731745213667,130,992,I,393,359,False,False,True,True
uE5w2YL3RNsaW2xG2CqTg08qEQAbrp8RAQ1o2Cl590KRB2FuLJu83Xbdiw,FldY3jJg-cD6TRx1sMp7BvmjHuz5eg25TRPuG0lSIrjgBYaAyrEPdMIq,UrHBoy6Is_1dfzrXZs1IaqLKYQO5zWAYxS1VqdvSXj82QLhKal5S6A4YjnuH-YjMLyM9rV4F7zlxhw,6634,1731678832602,233,990,I,451,414,False,False,False,False
Q5F5ZGVEJBeVYe_uFX7l5sumXDliqJlTOXjXov473Q5NmW_YT-8NfBSfyw,DA5Zwp9CXZ9-Wk0qMYCdtpvjC4s_D-LAeuAx5R22s7ge6Ir3kCuhjW38,oRr05FBSfYfq_YuG04rc2VxkC4FirxlhoCKpiIzaerS3cxU5Cme9KBKf6ajQq0Yl2eaigN5SelmsHQ,934,1731713537240,220,988,I,71,29,False,False,False,False
BMxOkjWeZsrIzfnQfo_7Sp6WN54FIz56E9VkmTv8qhXYc44,faxpy7X_8CJN-nDB5udw1YixhYNGsKW8Dg4oksQEKnaYzSMu_sCXOfE2,DTnKGZ7Tl-fuw2Nww-O6GN2hWnzQKly6C3nBbzuQ08KHHoH1QIfiXDdFHAQ64C8DtRHmbp97npa2vg,5487,1731430418000,566,987,I,237,204,False,False,False,True
UjeqyVjSZC_8pu1aUkfh8HEtxg8FQ0aZS4J8QETupn7Xg7qstL0yU9f_0w,HUWacYqhjhe6kVfwC58d2-bS_Quf-XCrgeZM0QfKC_qIEM-26soseR76,leWNBvLoX70SlvaXogvXuHJVoL9FH4UEue7JT89QSpsQtyfvPuvkY7PLfyQGFH1X5me07JjWtNk4Kw,907,1731750479140,331,986,I,246,211,True,False,False,False
FtJHs5fZTvDL_iThZDeiP3sLjvLHOtj0Wm-a6M7om_-_t6s,oQgWybSwiGH5raJdo5HZgZ463e5FRLX49SjQ2KYPbOEyay9kmMakKVa0,2on5u4hjjhEmX-MkAl1f51mk4svSCgfXPFA-6KeZ6eeTYyb0J7bMyhwFPgTgQvawcsx-4q0fGVhwkw,6698,1731748774989,911,982,I,225,190,True,False,False,False
oY5eENzKtXlr2E0g7EAFC7wE_vQRrn1OOUiWMSR2sDo11x0p8sIaeIHYiw,K5UXmXbwYi8u1IsisSo2xoTaM3C0FK-RwKXxlIZQplZyBV99syYEf0DH,bgC6piDIHOP2lbBV-F5IXVZI1DbF7doC5HUrvXgq4WKi8PzGXD7d-NFhh_eAS8UKNsYzQQ_YYoNxfw,1458,1731746637429,217,981,I,228,193,False,False,True,False
Y0ZP3660niOPpVnzjBeXeKTixhB-Sk34zW6g_A8J0UekNuY6agOiR2jUDA,3UaL_JGzxQ3fUUeoFKFICYK40JRdiODz4v_PgATg_mdOwF6TEsugQ2qv,DQ3Gh5vLDkmZGi0c_cwLeypbWXbrA-bs6VpXZ81xU5A3G3kpHNMTMlCPWjPRWtzJTCL9pC4pk47CfQ,7,1731746069991,123,980,I,209,177,True,False,False,False
gAEK9DaEuVH972_DbczchcO9ejXv3gqGa70pvoDCfAePoIs,lSD54NidR0zzio9Tys409lkFZ-7s0xxZ746eKc7wiz9raYOCW9qvkeHw,pTvIusp55J0PASObTFKSCrOmWroNvT2cBsrTt9CzQt8bcKLFeV-cv_TmqPo7I9HLj9n28W83WGdYqA,23,1731748325632,599,980,I,172,136,True,False,False,True
JucP8JcrP-9UHZ6n1Y7k3uCNu5W55KGK72NWt429JbrnYlM,hYxdZSOc41OsviJ0JQhC1dYQs5eNh4-OaY5v0XXbiZ9rU4Y,k88cLdRaM9d7_HtU_NyE2td-lyhV8a7eMxNzmlQlcyOjyMVHeCbnrD19cbMWofUB7HPhH-h2131oOQ,4962,1731745213667,918,979,I,112,68,False,False,False,False
NynnVoEQyF_Qt2hfz8NhRaSZmMbR5RKaHGxEncSJiT11F_c,GPagSHoqhnmU0RigdGR73yxGf_pTGiPDVXhnW3rVlIEoetY,VOEb1ZoLhsb5IyGnJhaeD34UYRUdwTJqGXi3rp1Qy4-nCbXgjEydV7mLFjHHihHq_rnrT22bYOBOkA,10,1731604099000,807,978,I,216,180,True,False,False,False
JIOZq_FUcWntV9fPjm-f-icAUaUBz8RUGO3LBXjL2qfKzxHfY9-6_skV_g,kY3qKDI8TpYhmPFlSwjxtsxHJ9WMxkCGUibJj748NHC2j6qgM5xHUIfF,SnKbSSkWnfwLBsJF13GZ1-XGqEXrqkDgLrZc6siQASj36Xn1X9KchMTCevzkbv4bAXZblgeL2lknTw,5871,1730815936000,68,977,I,178,126,False,False,False,False
UR1vOrJ0bnkcUy4Xz6rZ6i2LjDAbqP_Cz3APP19OlAI4ilkyKu84k3Equg,hQ73kg2oE4uoJYs-DiSfk8sEIUYJLSbpRV9Z4bsvBIkO2f2IcQl6eSz8,lgMVRw0C-LKTtmYpOAIVIxCZcrVlkLJXCfhbejdfKv2jF7I3areW59a8iNRlZC8mWlgKYbZRGV43Dg,4025,1731700698892,344,976,I,341,302,True,False,False,False
0jbP-8Ww7kns9mna18ajYu5zbeEixJELQPmglp1s9hhID8OTy-m65I52mA,0OVvJwedHRVE-1xxhbGgVn-Rnmrsmj9fTUOFj2D2BNq88y3Odr3MzXzs,fQmaQxoogyd1DBXhEUmR9J0xJqicVVPfuHS_NBnyM8zXi4fcfICs_oUkrsr38aW9cKKItsuk3t1lwg,6631,1731682426504,658,976,I,251,227,True,False,False,False
QDHUw5V8yCmgV4r34uEHeNg4uxk1UnpjjbeuDr2YjicHxmXB6gDRcQCPWA,RjyMPDcewLcr5-IlvpOrzKVkMzvG4CzVG1WJErK9WRyoQfni2NJHxBss,cSRCkuNa-stsdBCrquqht_XF126PPJu6lEtntSjA1i00h9Jg4arraVlWqSxZ0LVhebWMmV0agr-rMg,787,1731749550246,84,970,I,215,168,False,False,True,False
o-dTNgaz21_EloKw37a4LVsx2dUxYc1XPIF5FCQiK4aNwcI,BzkGMwaa9W1DMKX-4BsmqB8-jdTFbT5P80MT1vkI4Q2k1sSPmgLa_FUc,f45IgUXl5ZGz8itkBrM6trzfVjxx8g34fGk6AI3jCYkoU3gRZuTkcR1bURfhIk9Qj1pWfRvNjibjTw,29,1731698742521,228,966,I,268,232,False,False,False,False
K9yXf3gWi5cKlAx9pCPSSAP019y13nVjVQdt1RECWbsOb5PG7UZ18et8-Q,xjQ-YJZXQPHAt-trHBkKl_8D5x1CighekA6-gCkEM70tMBTHZL5QMCF_,eItb5TjPF9Fn8xlgnwsagPWxKj0gA9n58VmfiKaPm7PTrhs0xyt3iTO_qxHYPLH2G7vLhyIPLVEGMg,4021,1731751565971,194,966,I,179,143,False,False,True,False
loDq_1E5MCPb__VyT0DuqrX6047OTuxvxvj6E8AVHRymiNM,rKGVkl2hcwQLalRfSm9gnQA2VmHVxz8QG0hsfalz_3M2x3k,QJTjhKwvwoHmXYbMUWu-_93boDx0Faulo54Td_y95J9Jt0GF5LuUnvxArkp-vBojs2q6Ui_6s6Y7YQ,23,1731734517351,1013,963,I,134,93,False,False,False,True
f0Gs6lGv9hf1EjO4BVtVievoNZgrNpa7B24OhrDmvS8ZKzBmILlU0dqcbA,kuW2R8-uixi4jvDteM-eBfmreA8lWBqhFp7lidzRZGROoZYUEymPEAIn,sOr8pHD_AdrPIGn1t48S7hjxczHCGaIPHKHnnykRAAChUoT8wZ-lwWMKgQN6zBR2Qq81zMLeGCTkcQ,3795,1731741342275,697,962,I,136,102,True,False,False,False
G-HtRUPHzl-oxxuyzbwwZCLSUhdRgdzKTF7-W4JJyni9lqCHufVtdcIw2A,iG2ICKGL6F-CD-yhVAF46OF6U2hDZyI1GHmIAfdMu86Ed9fKXKO3aAD0,u1D0KXUVHNvMX4p6yvx65ysd2MUPCdN7oPytUFzisaN0f-7uZRo2JS5Pne1GDHnF0ZiCM6_-zSX1zg,7,1731744222198,141,961,I,113,78,False,False,False,True
jSE6szQTm2CEE_5N62HikDvWQP3kAHdd25QCDyI-OtzhltE,RLMEOUyhstBQvJqN3uHrl98XEl7OMUM6dxFnRYTctzl-L6I,tnRaown2jZN2Ug8JLlAMyLs1V5ca2PMnNs4OlYAIAPMHaS2gaX6IyvlKMS0HWtuFrPu1dBZ38nT90Q,6660,1731605085000,397,961,I,87,44,False,False,True,False
94ST2omqjXCSP-An-qJQ7luMM2aSLr9cDSA5T5Lqs6c6cituUL2Yi37asw,kPMKjFjjz8V1XI2purblhGP7XhfPsMIYDhIbm0c9Hr7909VzUAxcEnhb,_YmsSpQuG35sbpt419CwunJSiLimuhRBgVjW4dxnCNfvE_39AmEdQIFakdAW9-85MbfbVtY_Zh5anQ,6709,1731751565971,88,960,I,448,385,False,False,True,False
4teFDPHI24KKE9mPxjt-HGHimoDv389xn1ZlCcqckeyYqak,Bihhqa_lox-_H7-g5fRRACDImjyhfWtiClsIPbcUoydioqI4PgOU5Uoo,-5NdOwfYJ8_GGxdwe647oPtc6eFLjBjPlPD3W_piNkjNAmFAE3VzmfVjb87t_uJ6vF9OrFgM9cOsVg,29,1731693318359,148,960,I,86,45,False,False,True,False
iGCpx3c024mkL_n22p_a7TY7QYaslpiYLSenKCpTFiZ3nzf8moF0j0JheQ,TJM6xPbQJn-XWhuSO-yWCM70zcUWqz0edgdQHLmEK8mY_Oj2zcIZeqIP,9FqDvYdf5qCY5_cme55gxZZFbRlbGf8SdCX82Or3Ps3DpK-mznRgv5T-9WLOZDb9hysNfV9ZJPsuFQ,23,1731747286863,58,959,I,159,121,False,False,False,False
NH3cX8i55fP4OyqnrxPE4DsDrKf0RBVfvZKM-TmliT0syN9_zKpGjdcsFw,lNvw-Sw1btQOaY1J-FE1TcDJvurQU5fZn2ZbKEtRhby7AggPFdH1nyiQ,OM4WYSMWHhpsz9NpoCxbvTu3cuxR_ClN4l8UwX3cjDRwU1YnsCtWEnBDwSq_aD8eCDBPO-wjerjSMw,5635,1731749445621,529,955,I,259,224,False,False,False,False
cC23BA3x-Qr87fNc-pRb_KFZKZ3B-yNDUwUkCulOX7yogQ,z8HdnUn1ojv9Y5BFWP5rLNtcKYDmFPtqegWoIJq4_1Gn,8dC4Tm13PSdyJh3_Gu8i1_mOMfIEAJxcIHdATOUKewbYXfiV8gHKd3ystpomLCkrqP-WPT4iuVzsow,6498,1731706395176,362,954,I,378,350,False,False,True,False
amzjM_8vub7G1KhYNDLgdYF9L7Yb8KhVu8RfC8vG7qPC6UU,_zMizeJTsfQdoHdj7tqxTwOZvBXIj9eF89HA48I0sXSX,7gfu7RHeloPTUv3FKwJtytbTl1uF1o9IIjzMvKe7h1fgWilpa-bbgEo5Je2-PwHO1vaUmvDp4koXBg,6502,1731747286863,776,953,I,158,122,False,False,True,False
kZ2z_DIg0x7iS5D8XRL7i2gWM2p2YB7cVy5EyrY1BLAEi8Q9TqWJff0n5w,hEmyqAQO0YY6QWTn_q5VkeBRKmeOTQPpwBhnWL8QGQfp-gw0-UX6q5l2,Xj7Q4wcfVcEBEbVlvCjQjTma1xRf4qdzA1ngjYK_MzCMVHQ6HZ6jCKmOrjbMG2aQceAWa1oYjmirpQ,27,1731750037204,227,952,I,128,86,False,False,False,False
yzR_Iu4UuMrgMeJCHQak5spDn02kP1ne4MeBl5OLvHCHvyt6hY_nciZwxg,vHJ988x6lXFm5zyil7X_HWqzNds6KuHf76Z_kjK8F2oBE7c6-Oafp11_,ep2HMrkZUUzNtGZWR0vLOnXtUyyNPuSHECy24CBbGUbsJEJbd3DvsASBpS-xrvUfDx4s1lruhXBJLQ,5993,1731752187595,66,949,I,190,154,False,False,True,False
GQmeHI7WaveFvShP_Jaxhz6xW0Q45vZPu-_0nKBXfFZAFaM,YvOcjlhT4belq22KPKdQKj4po8Q8FQftkL9GOOkizUy6CLK2dL4y6shI,7nn9z8QY-tun1KGOo4uDlIK9BYwwCAtZKn_t62JIeAdMfwlLAC8iKjYg931vBCspNQ6lcWdgFwNjcw,4409,1731751335280,731,945,I,380,351,False,False,True,False
k3aLE6LfBsQX74fbl0TlUE25AmGfJm2TPhbyVIf68sPqGHTtP04Ovc9ZMw,WBI-EsL1baLF0lY-UkFYv6G0o9CsyuT8waqpQxWv59sTBpjKupUmoAqm,wMAMqHnZS_PeCj3uMPgLz1D1NlCdzY0iV8T07rRvKT4cPv7BAIUOXlj6_yNcN4m5xzM-u81u5A3WzQ,6544,1731703489389,110,944,I,317,282,True,False,False,False
yTbEfTtSZEYRrAq4u6eiTtZAeA5kjttFcXn8K9csoxKfzG9eTpn4XvnJPA,pjQXu73bl5bkoYou_SpUNLrmYHWWPVxprIlJP5S9qMM6SBYEbKiknjG9,At4CMUXp7q4RBpxGPkMj_JRfMNEjVzeWhhpO-iKOx8Z6CqkcJMPT6FSkoHwBQxd3HLNNc14kuOfVLg,6622,1731697350769,242,944,I,227,185,False,False,False,False
ZGOGJqPjHJIWkbJ63G1zbK1WDKet036t2xnn7AhHSMhLFRxyJvfIKsOYJw,5Y_-o_5AjwYCftsJ4sQYHTcLtF8hR9fwPqeseIYRLb591zHon0BvIUdD,oY7eGXScR2Av2f8WypTSqhTHpI0DrkSyyJhUlS87RxVLPL3jjb8Rvhu5JUdbjKb9RBFCGKLDQ2u7WA,5709,1731737742362,592,944,I,211,177,True,False,False,False
MQ8VSk8TJ8kswkN78Z5XbNsxAVYE5S-mbOW_RQ9D2M6V0S8at4Qmfnkt_Q,0SMQJo87ISa5oGrClascT8Ep4zbjinAiXPGw3nVf4uCAJOvXHkV6o9Bt,ggLIfo-N5OzxG1boLhi0AYVXgwzhdy3V-YeCW17EZkgIFfFEMAPXkC6Ddluys_aj-fjJKwPGMHCsVA,6504,1731735867570,283,942,I,198,152,False,False,True,False
qNIERwXgt54rVl1x_-w5Qrg79byXg7eOJQ3MgMkgbKZgXv8scTmk6gp66w,nMosMgWSvxKr0q_6YsNXo1zfnWGqvcp3TSHaAk9qLzDkFPZzU74clFOI,KAS5rDEgwbpnBgNNQmt5qFo55tbH3z0aGLhRLAwxviE3HiEfWnuJYqjlKCkE8PbWanp3xVYWfB9iOQ,977,1731708971443,653,938,I,121,84,False,False,True,False
eOhMOMHMBTyaAcW6jzovxTjg6H4-qUKmcSuSqoaZb3VB3vTxZdsiokj1Iw,T9CvGnBUc3hr_PeVvNyzQGmljzygzZ7bvNjtQOZaPL5E42Jo0esV2anH,MflkWP-cDliZKLWf4pLNrcOCVHWr-gsF9v2dOIS1nUGZrKtiY8NAXfrcqTcuawlZnFXbC7fw1LXCwQ,3795,1731667006005,159,937,I,229,196,True,False,False,False
Zp07LosXmUKqf6GWCQYu-X9jJxBayQic3bbJgIsXe5KpJrihK7IlqBbEIA,-hud7aJwBjNamPD1LjNx7L80OmI1mQLN6BscgoswkR1ZZc6Z0HbYI3ue,2T_wt-LFl5fMa3wRYsNAkJOYHDP-lcS41IsbmqfbzqLna30tYD0wge3ij_TenHsfXqVxeIbum2i-bg,3584,1731519193000,86,937,I,213,167,False,False,True,False
UhdVkK0ga-vtsdikhFB0wIvxWai8QQ2D6uVufETNRvzmSa4,GyTQH_aYfno4bnF-rYDY1LcxTtHXpgGajbR4XZm0-Hvm8T0,_j96AhTWus6Dm1-Jnz3TO9LaUGFzMCqU8bwsvbDalQMZDRoJUtEIX8asakdKPxn1PmUcK1qjrWTkdA,6260,1731703917249,564,937,I,93,45,False,False,True,False
hZYUmgkpQLZQNvOlVN1f0sC26VPtpR4ys_oNCvHKX2wOXN4,fht8gqDv7T7J8XzHoY-LEqzAxdl-grjn6mK2jydbulEgIh_ptW7_rAtI,kOcB9jqCsoIBL8D3QGVpRINlQNZ1fsQas4p5yph0xIfctzyiCDfg2OKfhsBkYXdgc2FoNzOwYTsuPQ,23,1731728081786,298,935,I,154,112,False,False,True,False
bvEgIjDFn_0LXqRSMKIk6mhuhS9OigNtsq1YH_JEPEMPZT4,BTiMexVH4oathCi4oZ9jHTymAXauySEVfbimvf_69IOy470,Pq_si4SKLGXLSgYjwZo2Y3V5Ui-aTx4-lkjL9eCnGg9lZs65uZml1MwSTAVMtVRfHFYZ7jJAogpy_g,5089,1731713617000,244,934,I,127,87,False,False,False,True
Sb4zEvKZqx5rRk_3zC9_UgKLNbyQ1u-WSAyRQUfVrjnhQEGd,BEcj89bWM43XK52TvdboCcaFUaoQ1dUb8kkVBbF8ryYZghwSYuQLilFc,RHAxP9leJjFlVSMr4XNpjinbJqo7s6XqJGrFVchtbtUiH74I0aQVPxFdhjo-9izVoxFNQj_XyDBGEw,3890,1731642873000,456,933,I,106,63,False,False,True,False
zp5T7BkWpa507CYwqD4L7_d9mzy-927XL8HYsOfM0hvgtPdgB-s4EV-fAA,PRK33E-Oc-Ai2a5s4P5jGG-wKwT3uhiS9JcvWM3AYQFRtR-k_oVi5PdZ,l0kAgPlM0Py8uYtQjqUMRnzbNUeSLf_ExSG4nn37u39O_oQhZBvJvpCtDEksE41SZTX0c1C8wImvaw,6502,1731607085000,225,930,I,158,126,False,False,False,False
Id6z5Dad-HeGFtJqR2C5AJtLXitKlR6mDqxVrwzRXyTdQ1nTF-NnwuYxXQ,T01Bs4fBdDbZlLkFJw-DBREx-yI-G2jRtFWN0Jr1fSK84bnqk_X3Aezd,OLYbNG11ufFMDJT--kfr-hRc4Zke7C4IVH7rhs4zL5EvKxuHhap7asinvOi_TGrB3x2JX7jzfubpfA,3543,1731745164175,181,928,I,216,172,False,False,True,False
gqQOKQqMLPsJWaPVJxrOXFbparQ5Qms7bFDKM5eTK6BwWCLzczb-B1Vdjw,av45TZgI1lEoeogm14AaC_sYD5uOqQALXI9RDZ50EuzqF5VkGx12bBcv,3Q2IYKagbNZZycSxqvLxi9sUgOy1PuY_gHs8H9DrqbaDBv_hLntJ2Ai6aXZWd6XHI7VP5tQ3CsyXAg,5067,1731752187595,195,925,I,131,84,False,False,True,True
zm5EYfrmfRT-Ls9Ngjypwyp4a_kEglBkPnJyKsxNtG7HiGCWPgZMatKXQw,dTXbOitzHeb6yKatpOpcQD1xD4UKVFZO21YTttqmw1sNSJIRdHnvGOhV,Z1rctfRN2P1Kr1g9vTKGdoBreyZUD4HIOhkMCl-n-B1SuNhl-H4X7mdO1dRuHAUOE62eKiQpJJtx9A,3018,1731656633000,330,922,I,248,219,True,False,False,False
fw4-MF0pB6kCMHgKTqQrr3h2a4r0nS-cJmyVlYsYV3n-Onk,49GWQtCMqQfVLBcuTL_tIuez55hFKnsygrwvhqPJacphmPw,2p7Rr9zTpL6pCpEvwhcfruWsuDT73AuYPPNbW4V5lJ4f3VNprhznn7G_s8eRu74Kc_ZT1mHfjjRerg,6362,1731707467284,1043,922,I,186,160,True,False,False,False
2ooMdplVm1HZL7H1qiAkUUEmJSHeh8zO2zvedS61bt8Y14kgTcXRtwRC5w,ZSrD4xJRBd3gXsx485TNt1a5emjaCxc9_8Ub7sZuIh8k2xxypFlxrKUr,tTyek_8flyPyryWkzL7mNfi8J8UbYmGEAwpOHiC1pWhTpIelFtdRzgkmaX2QPe2xCYvO0bQo7OyShg,6715,1731429299000,190,922,I,150,111,True,False,False,False
YUGR6YG6E-ZlFVsmxvg07u0N-n4uvnLte8ZJ5xzNYU0FrlcQ9pqmSlOpWw,qPPBL1nmnGGp90ywOI-up7k8CyCgiXtF68Y5_3xPyLzemlpCQ0MfrkOq,XPW1tDpVK5EkpvMlUha3l0Z6Toz-364w2hm5Dny_0b6cYmmnsCUo44rBou3ANouOnWsvUi2IkTOZPw,10,1731648117000,177,921,I,191,154,False,False,False,False
O5xh_dVhNsA4gGsi-MuQ9CJ5Pu9ZDcerWhrQZVHA6egxJTA,btfvYS9WUrgGZqpxjGe8wO7QdPpGOA0A7pxAwvJ1Wplr333OiRG95f4K,qugh588D67jHTw3UrFvUAFljc7XYX6xIo8IiEwL1ySXO0cIztB6aFhKSNK03JpTr1f-kmgcHoAjBHA,5470,1731224810000,380,921,I,83,42,False,False,False,False
amflyD266fwD0aeQMtp0zk6HsQ4rchFmTy6L0o_cBYyiCMY,MGyFZXve4-2Dl9fCjOioy-iJmToAeY0ZzeBabf9MoeUP_lZ3xKRumSmi,EKTQm6NEmOzbKU9fDqLIjMlKGOq-_0r6sJ0OVKgYM8uBQyQP0avJNDULFZlpwXJjDLgxX0vIoRUXkw,6504,1731693227152,570,919,I,231,193,True,False,False,False
hrC0AY2gDImPmRg2Z6uaMbGheoMuWuGHcva2pUVnFIJTn3g,r5NJJ5LVtOzMcdYfQUnKGCO9FMXExpbD2M2m_cnR7jt3z5wgF03G9iGg,1JPo6L4Cl4x7iWHcaAo9pTqBkmQ9LFWYcIjUYep-GY1dtqpfUyoREyhyrytxBalHvI6qbzwpW0zY-Q,7,1731436791000,105,917,I,274,249,True,False,False,False
rPSqz5ZTQ34Iq9KiVYc6UTBbAS_bK4LItR3Ec7OTKkGHLHNrWs2RMg284A,QNMQhvXlHtDOejBhJaChYcUnERo8z5yL2P8pLTo478FJ2wNTsjZWx5yF,ArtmhpKlEqNZqfm2YfJm9xeIk3m05jzMQ2R36InDbiaA0n52JA4ffaFRszhmHDrQi1HesNKyojv0dQ,6502,1731744109797,238,916,I,283,254,True,False,False,False
Shd2dLmlzs8gl90h5mlpxbr84SYRXsTqfiAXBZWMFJqYB1WimhZeSMmZoQ,rNuBD92nyFe5dFNqRGDbNZqvXXUEpqmnwxqAGyF1CnwD0Z2NPezv4usE,TaIY1g0QAbezNMnyz25XAKOXPr03r60jc2yOO1Dp9MXcRUbOC_3LOWXQ6v80635LQ_Suz1FMuGzRZw,28,1731745198227,99,915,I,288,244,False,False,True,True
1-cxKwba5KCNxrkXx0ddyZfyEvBgqb-dWQwqUzeNQIMOL8KcIkS-DqJANw,iLmrJSxNbj4odXQOc7R9gHU7lmdJh3N72Xq0pAodNPT4tqz78qSTeWHw,Q_vkl_qDIDvG5NZL6Nrt3I1FRKFJ92fEEn-1nbzrTQqJwT8ZXkn62V2rbhdIvaOxspvVlyuMVJSs1g,977,1731750715369,862,914,I,320,284,False,False,True,False
InBXnu9kYz6vodzU0h7a76Ibt3lWUxWNLUG2KNS3QfU3bms,bhfUINswrywWDpOunvAwGsqyO46JEBddcgepoGsp8m-HKzyr6xU1xOB3,3sXMdHxJs1Ao9nsSq2yhQA-TVWnfz2PzNqp64kEQL1JaHt7zOsi_JkjbQzqwHVbXPFldEI4cInDJNQ,6393,1731700698892,446,914,I,288,252,False,False,True,False
ylFy-XToNd_YkEs2_rqPIEJLUQgXGtFDT5299IMokbmyZo8,L64STF3-Xa55X2OJT2kBBb2fXfM0bOgpT-e4sg62BFmFHE8vsMhwLwSE,Ki2hNUK0KDgGWKJARyJmnlNyhFfPHBrOWHA3S7TtFvb5SMXyFbksUcd4hWwkVgde7ODtkwwPZRBe5g,4668,1731706870881,708,914,I,120,77,False,False,False,False
Y9SpQUNI8dTaVRbu-OY7fe_zE0jiax6fJMcNbhxba-yDdvzMaPdnMRbI2Q,-k7G_0y01G5phuctKIrp52cq7nYUoRlfdNCGD7IPGoGDoj_50KAQwFiM,Te7q1vznJbRnjB_EhRXmJ_TE-C-yp89-yfWR284JF8olnm1CkeR_3x_ZpAXFOy0DzPncgcqFwhluEA,23,1731744317418,114,911,I,181,151,True,False,False,False
c448gppH3g9Zbo_RkCMrBpyvgxSLobyleL9uCeF7TQ4Qow,5m7M-Hr8BJ0uvwsb5Xy2UV0OafhjxyLAgRyfQBVMp3hU,oKK6_30PA-xl6mnibURTnT-mp5Lo6Sfbkvxm3Odl1AG6fyihG-dcOfo32cR4DaoFjzX45B5St_2Fag,5470,1731164725000,531,911,I,117,80,False,False,False,False
aqdAc0ALUejZQ6i2R40_7R4znVLSxolUBynMyHbClF9fyA,wvWqs1qEOAG7Ok0NCm2GSvfd-tWWVUdHc4pKYLQRaA6b,ouivHKiHLE2_tnFv7X1Z5Wkaizn4VAJd1RyFZj85toynJ-3Hr5qWQw8tJhHzoNcmu4xzFqgAgwvIFw,1445,1731673127658,433,905,I,139,98,False,False,False,False
xNVurmmYaT0-m_Je3iu0Oxlp-ZrLvIk2Ivywxhwd0yKhbcMPfxLeq5K_Zg,ETQG4Pmlh1x4neqRKQayPZRxCg9Yh9ygrJ6mwq6P394zEyK-gdxblG_u,7J_Nh5DwNLWOECp4Gmj2WUUbZKWOdgaffWLMdWA_kH1nA6Zv3IkW_HNJfIGDdtaFFKvLVP3M0juBbg,839,1731611277000,708,904,I,338,310,True,False,False,False
RXxU1betjhCVlA1ZjpL2XZbaQRdmW-OGQFxAT_Ako1O_mcSCv7akGugXIg,v_UBoXrMceI3I0fhVoQTnCVHEocr9PV3u0Dw-2JYDgwK5fuhHQ_4jGVV,ntFJrLjkQrCgOhvjVhojZFLLLq6fs8c9hgRQx0MekMStNsetUS833JlthVKZ3LkjKEB9zo_IREwYTQ,3838,1731737394800,117,902,I,123,90,False,False,True,True
OwJwjeORCqLiTZNjw1d131qAIzvyjEUJXSJZbwZNVasE-1EnDwbvEqbVIw,9gKjiqtijScvZo7ZwRDFO5-qV9m-Ox7XyHayg4hJr3SlAA0NU3Lz5zj9,-io4scwg-BYE2N75oJqHUU2gz_Bho8LYtCf2VbsMlXH_lnsKpbmsYao0UX2tILd8w6Sva0BJ3LD7Lg,29,1731744317418,48,900,I,158,98,False,False,True,False
4fENaDEzs0_X8XUWnA56MIHPpYZL4sfPtQSeL4BCcLReOXCLf4J3C68Ltg,E9UOECDktHkuL88Lk8PCn5Im1r4En-J5zPnB8VDykP4Gst7-EXdXLPWv,C-PatUnrd56KbNU-Hi2ECo9ifB2Jxg_9n_Yczutt53x_avfg4QxkUNQI9MSp9xwoQISNhKOYIQjoJA,3838,1731745164175,397,899,I,156,128,False,False,False,False
M7OJehsnGse5Suk9hgtR3oFDRHNVf950m6-pFJNiBkSWKsY,6OITa6y_VMZkRL-xLFEWudGVmbiS9UhGxQnwGdvqm6xjq-o,39cYjGs9E44Zox8y4rZneUPUjLFuIjs3E-m0C7eCXO0uSDsqQm7hiGdvaVlFA2IqTqA78Mn3JuqHVQ,20,1731752255873,610,899,I,136,112,True,False,False,False
-X_AnAkjCclqzboHMEdmmOpWFZyuhiB7O5pEtYC2_nYxZm8R5E6Bq7z99Q,extftJWZhwoWBK-dzZ_gHCCrqgAIvwZPiEXJUm6dyxmp2958EspZcXPR,XVWRzuQRZGQr_IWKWspJHC3u1di50b-zDS33c3g1MFwMevJjiGuODt1mpqZ8h3ixxMM4LxN27LlcPg,6308,1731745164175,709,898,I,306,273,False,False,False,False
olmfKfUg-qEQW_fwJskep_Flyvfqw3S_sC7QOyBKtaQuSBE,HuKAwA2vDPRM8cyE4kSP-WA8FeQ6cFgVRkVzlSfQpg4L_Zn5gYxZ738R,RKVI2ikxVjXJuDXcTMlmfj5m9DjCjUdlKz8K0hOW2Ks6xkuvGuIAX4KnzhxILFZwgvHH9hlQ5D4OJw,4554,1731751335280,499,897,I,129,101,True,False,False,True
n0OODC5Kcf_Dlv8ZYA54LaMqwijvKzl6sMVEGKle5z-M-Zl6YM5bwLe08A,Mi6L71217JctyxMaVvFTs-Kk59y5jeT60fo0ndFHxXrzylC-RrpCzxfE,0xWZC1VJRzSS0RKAN-q9oFwsTtzGD-WFd5vzn4nf2tuawRsXdFvX2lmW40OD-N_0Z-Vh1texMA1wJg,5258,1731686193749,368,895,I,125,92,True,False,False,False
ku6HpcokuvVwBV7KU4LSZ26zmf9znonjnf_CpaAvWqHHtVTwALoD-bIzAw,EwKX7zByWi0urpLqOmjef8Qt3B80Sw0hEoQlgYoPujWsiuSgZ7FBx6f6,1by7o_xjRCh9dpwRopSwGoRCoqYd7b8jy8EYH9s_ZCzIkqpQjywD2DeWkRyT8FV5LGARU2uOqj1umw,22,1731735341136,62,894,I,237,183,True,False,False,True
_zqqWY77E_mdfbsegmoxtxL9rBimuVXDBbDd4L6XBXERjGI,HpXVec1TmHhyMfXkE7y2tKGkwHSWDgwsaqlEaNCC51dDUNforfi6I5J6,Bdik0Sf0U3zEqqKnyXXysx6ExlLvD-b7LBbmTcMEI0PLVgU8Jgz0UGZX-Ec9dYbnJqSUepWAqcxuJQ,5952,1731706870881,764,893,I,202,167,False,False,False,False
CUqJCGq4tB3fQgdps4R4F0aBdF-RoBavXnJb90bR_uc2874qBKGwrAMMFA,2AY7-zWokImY9zmehExNypogY38OChVDcmBGgF6hC15U7t9VzRlCHzKP,oIjO5pPC8Wdb9SZRcc_yCzB29R6lGAIPU6xcvBsDolgt7LnFO61BjxSYxdusmLl4a472zMQiuUmznQ,4074,1731617625000,483,893,I,176,144,False,False,True,False
f-0BdDCG-psHwaHeW9KZS9FWIHtrS_IxHPzVZffIPSj58WutQhsov_P2lQ,5lrxGJximCRRzTIJjcz-ek5uZLcZ9WFCW9rS11VoyIgbNpjtiNmvdlmN,UKx-rlsGhVejA4dKMfWxjTkFN6E07eA5t4nmEM_l9ihuqqyDHlPiAl7FVoJE_bzcv9Hdke29GjX1DA,3840,1731751335280,262,892,I,258,211,False,False,True,False
_CJpueMKjRgagPSbVujtqeLSQC9iHTfbfTrL3hKEQ2SfsHo,BsvVyksXUD5I_DXPRP6VT7_qGDArN_mLKjHCKQtq8cZcdrEAkbh6408Y,lcoUtie7-HyXbvCkVPZKIMrRKyXsGAS15H6RdBnERCh9VfzNIzYysVFjtoT4qE08xHaOK2f2lCRtNQ,4964,1731707411716,1002,891,I,146,112,False,False,True,True
Ux4YZ_bYSUr9Bu4Eoo7gVLo82VSv0JBYDWvPpfuhjckfofw,2ObbJYcvPpcBnreYBuB8mBRuiGRNIbeiiPwsdIQFGLAZTtU,PifDKX1SWHgjHHf7rmTbQIOs-7RAJ37N0G03bNb9ROiVm99U1rKmt0iLS6YgT1Clu0xee4XVBsn0Qg,6350,1731743956998,1071,890,I,246,210,False,False,False,False
mLy2GZJ2yyajyrTDZqjPW0pDzJ86HuN7VYJpURb_QW0yCSfFFO30FUuDiA,P8mS4efFpXIqpmpv4LUMHQ3AXISvtZq9RtPBk0MBi8SKn5UPk1kzwY7t,_zk1S8B3wJ4tHdnM-3-Ee05OduWk-gECOS-DxDM8UnBEPxKVKY6Ia34gzKkHAfdd21Tx0Z5R9FRg5w,5494,1731679398707,561,890,I,193,165,True,False,False,False
28UVkFf0iguuMD__41f-G83iTeauIFErOv0Gbbwrk4Sa1wNeGR3YCWrnew,LT6RlD4t56C3f2LChRnnpSyezbp2og4Uv-JJU6wPwVv-3oAs3Fg2z_EO,bnm3GgscjoYS19-p92qM9L2c1DdWDnWd7GKvUbM4aKLDtZDdiqsM8iYj-XNlE6gvIoLaJgbwiVxE1A,6504,1731746637429,211,890,I,105,65,False,False,True,False
I-TgJg7W8z0svioSGpVFvD3i2zG3-4K4U3fbJn2QNMqZfio,CueYkOba9cRxChchgSg5-32ZenFDuTs3KnHD7vw_z47fWZo,wEZk0G-WXpshQMsls74y4Z7Fe5FV9bI32nZfjk4KRhf9YZsACvlhvdu2ieH2_04UQkHd0PhKeOpNiQ,3791,1731751355907,1256,885,I,243,212,True,False,False,False
ntPg47Le3g2YtzUqBC3mE0y30g0ZpGWt7ZEIIWm2BATvKOdb75BocLDX_A,Bi3t0b3Fn_JS7shJENFWGoReUvQ9WqBcDIcZHBQ7pyH2lt1pWgEzDt5Y,EBP5d77LxhXMi88aKYmEjgWdxMNnVArVNBtJ5_XJilaGfRiGvz46d-CGvB9pFvI5ICwnwAxvPKB4TA,6298,1731679458000,321,884,I,117,84,False,False,False,False
x2uCLcXy6E_braMPmByT_N9DR-Zsg2V5ih2IW99ieG5lyE3F,OL_lwWXB16CJh2f60zNEV7tPJWpGz7foBH_SMCPpxDehI8gAguzazZsV,vCc3xGncChXSbFzCrq2dCavDu2cgizJ1hoyZFRNJXd9d2Tr2mdbjyk6hO2HpDDpkjRO4VyTESs89qw,4021,1731669838238,895,883,I,132,96,False,False,False,False
XUqj_Mx9eSA4qRON26DRoqRwPFHuCmoXOWVTH-NYGjl-6ng-kXCKbeTx9w,ozBkMChNXbTXvVV5yD5DFAQBPQwmn5LrYDWaCvOG__NP36plQ-fOatT8,MGruGEYN2oGcutynRXxa-Z_hRj9E-y5hc0SZvfBCfG1n_42qbhYH_mEhMvU23nfNLHrCiUURQZZ7pA,5709,1731751367028,439,882,I,286,255,False,False,False,True
3J0Prrw0WcR9gjz6GpVE2dq7qjNdXwBZ7-JLICkPD1bO87ALI2Ti2Xf53Q,gXYUQxtg7aaF6seFdjnVOuXV0HDoZKyyMl-VD-eGSdx2d8hpLCOOFWL2,haPSLoXjEl8nb33_m8jZCjztjj3XyMq5QxlFex-oRbUwr8S7Lt2sZQwXl26J4o2sjQE5pLUd7YFOTw,6502,1731745227504,97,882,I,185,149,True,False,False,False
7fduUgun7QsZrIUR6WhthUsXSCQK-OF0KIdPPTPaC8T6KgU,x54eZeth0vCd4ecEfjFlCKGyeOphfxUy73o_dj5OHSaFErF1ws0kLDhZ,6iU2T4ZxN-Qwpt2nKjykzWA-_LykBK3ZJfBYJw4INfpt2sBOF-79o10IifqPDOa5HKXVEQOKMtENrQ,1437,1731654247000,551,882,I,126,94,False,False,True,False
OkUVGOsfWJDQuSNf4KS_-KzOLAaSNardzDHK5NNmTXs9QPbTb1K6YUPrGA,ltZ1DVDYyL6ooyiLw-uszcY7nJWxDkxSSKvSP8FTtFZw6CJBuI1zNz1G,k9keSEy0H4-C0VEhtLMtjv882G8XHX6bdX--ZZe4oDG0PhYiYXiMTnwghnqx9eTaHE7DvhvB2fa5Tw,7,1731751326722,150,881,I,314,286,False,False,True,False
8SzELJnA4pk1Afq1V5Zld7RUJkDlnmveicG5oKkZ_uPNsiiuP9LdUKCrdA,MeoZ5xgR1719Y1wytQWvSwBy4_PlRlpEL6oRlgLQE_9IgJWRrfTDLfF4,xHaoE4P4KDaRjHG5gPNuufYRN07qqzlajcPk2jRNppNrZT_98V5ILx9gFW8huIrzwAj0mKxvm6mQoQ,7,1731744222198,70,879,I,219,161,False,False,False,False
aFZ6nm2rj9d8jqEwkl1M1yNwFoAS6zTel7f8GYnb__FPeBs,ddeNRw8MkOFWw0BfV9812MoyRQQih5BDHXn1240iF-zYRNbNOwUddqJO,UQ_yvtYExu8yBlhB5lDpVVxEjfLWwJROMBAcmduprWmy27igY0XMdk2zocmrsm8XugqxahXp73Wr9Q,6502,1731697494501,249,874,I,194,159,False,False,True,False
xnfa-Par-GuVVu0RwV9s67aeZ840mrA141tgkCF02XoQh_A,4aHmwYJhG45wJgJ_LTQt1Eac4D9GvRYPy1CpfXUvszMRDqg,cLmjxWavle9DVsxMqtiJXuCXOsNimaVnSHWorRKAOpA2gnP_0lOfBaZqVQHztAroVFCt4LJZPbC9sQ,3788,1731638520000,444,873,I,209,174,False,False,True,False
pVWutCDfeU9pgQCkucbun5ikHkkZNHpfNhu0GeM9jjtp26ikrD4Bg1jlKw,QakJBwAs5uq031gjURwG-NRcUSFzckoNSQJvYHIoHAWbL-scBg59z1d5,F1bO4xTW1dmp0HAYn8WAenZUOvlPLPv7Im1rxgyLG2zl8tjtSeNcKHN6VOLdoUDDLlEGq2SAfKkoIA,29,1731734268522,402,873,I,180,143,False,False,True,True
_vMW6CgTZaHWlEHdMcpTosbBxajS6O17CPmLYcb8gXa586cIAXpiPO2-Ww,E3rZQZEhUfv0ST2XIiK_vQAUtTpsN7L9WT5r4RS1Crwzggfok9UpUo58,bUaML0Vc3l_ccS-PmCdseXc9ezcM0uHCz_LzfTVZ3plULegtBGDYr0Z8k2kHu16ORvy9TqGuo085qA,7,1731568736000,176,873,I,86,44,False,False,True,False
x4CNEvxrQgFGYLOICzF81UByHqE55fyZwaOcejpYT-IJJA,ZxgniY4M4y42EY9UruWljUyWh4FzZvCMFCY34VxDj0u3,sKBTbKaf4jclopTaMTngBKO2ZeBb17O8iLpcCY5rsKAFvKlwv0ZdRGgKAUBcsjibm8sWvkez9UxSSw,5187,1731691545419,683,872,I,103,69,False,False,True,True
kx7vjsr5VDiC4Wg6eeCkYPpomYi6tw9WMqlRPeAJANoxskr50ZgtA6bWEA,h2EGowYwHT-Mfv1QBT_y3kAJeJ6QT-l6kH-gWRUrwif2zJXPWfTCJbHp,4nDOT58lzhljDJBSqDcJFyu0arv0SUh9c6fb_ubyhl1-LBYlns8TItc0VY6r-2CYjOGZAM7aTEqSbw,7,1731734428428,209,871,I,125,89,False,False,True,False
gjxLGlZkd042c05uniTglFbLnR2NUw7hrJXIERxw87DYa65b,ZY751skWgFjp-bcTfOvu4JOfqwbXiBxvhfO0F3-CYk2_oge0jXvs9i0O,S5ykIbcsK17nastxj_YDqUHVcJg4VeYYeCoyP39k4nwe0YHATiKhMvwQU9uVynilTlWL6pS6yiMgwg,5118,1731659703000,587,870,I,251,223,True,False,False,False
0mE-jaJZOUgvQ8HMVmwrDU_RZ_VrRQTUC_w78uMb3NKHUQ,59YL0RVwXAexbSsiCJJLIutpxtzOhybdedD19UR8bkT2,DtJxLsPRti3_k-ykC8w7jUCwqZNoN4H9y_28gJsJCSIhc2WBHieNPEFR7bJORRrogX1hg2FxRdlxow,6207,1731747759342,872,870,I,192,165,False,False,False,False
LF62JtkefDKn7fOadnISlPc6WrdXSHGmSaX0TPp4zIGKD72UztRd1S0tvA,Q7C0CJIRrsEsWyxq_dbu5_YaN6FadSW2QoPp5zNKiEM2-L5gLqgbTZWb,GbKu6xT97YptH7hUn1avVhHcLUQYwWmHCZELPIm8Ti7wURd5TzGVbVnfvsxNM1qz88Ngpi5teU1BVw,3231,1731668971127,141,868,I,115,73,False,False,True,True
3GPRuDh-1MkO4rP50NwQuDCjvZQdNNfEnb8K9Idfp2eCDim86a7MJrh-_A,cUNvI6Dx-wYwz0HfUOYJkdUc3g8sTeq9xaaGxi8MDTN7r-2Q1DnOMgyY,LqgoPa_VnpcCBqzu29bWPRikKqXHD8jrwonbnAk9NoUOkZLC0sK_AteMHxEFcjCu3JwAsZLSl7E-oQ,3002,1731618971000,342,867,I,119,76,False,False,False,False
UZY9rPe8OdsXAEGVPGDW6FZm94xE8Xt8CCkaUVgC2AqDSf7iyMyjpfjqSA,IX46s4xvCyxyMY26QQBwGXX_hjdI2hleM7BNfUzhzd1DHD7CwvXDI4sl,iZ1dPbriPHGdLcPzTBqQMi9IBzKRfteRNJInSu-SRI3IKSY4ouuDsiYVChZ5DlgjXleX7nNGGV2uBg,4794,1731325352000,372,864,I,232,197,False,False,True,True
5GCTsPavBcrAipcbYMAB80AJsV__RdKRlTSd0dH1Z1V4rxw,fyqzXLCvatd6G-HO_k1cKKr2KA3A4ivmhs_0Si1jXeIgM2eqD3bODZMf,2cm5jlv7ONDUa1kxN7c527P0USq2TNeoi1asmWnvP7k7X3gq1euVN8AJBVlwiGRv5Rp4uFPf4zB8kw,5736,1731694182000,156,863,I,98,48,False,False,True,True
F0JUBCKgRJZP1rHL6SEFNy3pkr7fSZuYAb-qPgp-TI_tGFo,xGWTJNiamljBCDRpPVEXjiHb5VQHivAUqmr5UhMP0qwzm705X5-90_Xw,eUL1H2x8mPNKbg5LjPV6QSmDyAbeIZhp0akeJWGecl4kPmULkJmsQPSnhLVajBkVUhwHzB2Uwu1pQg,4928,1731529662000,1053,862,I,261,230,False,False,True,False
7cJKxW5A-vMZHqWJOrYcd4Tcd2tGZeNl632xzwsr1gpQmm5cqMe047WX6A,686gLTpcc8m8670EiG3y2l-1jD4JUroRKmyq8uBBHmORCQ42ML3-UKt2,ftYH9fh3iOwAhdIPCgGZh9ftmEAEv5hH0HDXSUZ7SAl0FeyDjazGlAi1iA8xwTIxe41BH_KJiAVMmA,6408,1731744215726,106,860,I,139,102,False,False,False,False
AhNx5GfMRQSPjc2mLe4VbGBBwBEZuzMOeZERMTHkgOyeY1R4xsA5zsdWbQ,lOQdY4A8Tdc_bJPWnkZSuJGOvDRwNoBEvxgVKqBQfcf3VjqQJnVCVSCM,DsmlYk1fuvPlWK5O6pZ-cT7IXUq-dfQGw0eVDzcclq5JkDDs-roarSDU0kHDhDfX9qg4KNDd8j2I2g,6,1731676285561,591,859,I,219,181,False,False,True,True
MyVKwCexyB8ci-UAwdYY6E5AX2h1JDPcTtQtEVPUTtPcZ5ia55YTkYZjPA,6LXVmm15jkCuuaGFP7Lj7H0f6LpfWJiokb4qUaRTP0joCIv88rJ0enlW,yJ7WguuTysdFDep1K8qNgJroaagx-jYIXzU71YsiicepJ51wuULmftdhHx7phdCCef6Z7FOvyUJpfw,1385,1731750414028,485,859,I,171,146,False,False,False,False
yqTXkmte4kqcdJJBPhjy7dCKA8ljzo7hIQ4tog5K2TVL5LU,ye5_TKpYiwgc7kw5hZupFbVOVbkOun5bEm5bJPKYjSzrjBA,iYpybd_Kgk-IJGWW45IMWNgXajOPEUdOW_iXxQcRR_kpZU581GbkdUrrGeOJY_FuZw1BNDAL4L5XXQ,6695,1731664379000,597,858,I,95,54,False,False,True,False
JWKcWf3KJM0FX_MvHAZjiZz9laPIvjAga0QIxKwPY1g7Sg,UBQKuKdAep0NFf-t68U5rryPvCw27gaNNKsfEsKF8c29,wXFPKqmP3Wa0vnjdHBe2GXz9gmL0Dm6Z3-AJK_JUx0xDy3aP7nfKf1gyLk--1C4sZJ1PZurnWihkcg,4271,1731731613008,844,857,I,187,161,False,False,True,False
SXOyiwwQrZz-df1adLB_jk6ppVGRh_oTxy99IGVO7CJQzAdbfJdS01E22g,E5b8h6w7zSDRJhgv1faukQiSZqeQ0lSx-pL32sDrUZU_tNJ5ZMAo5OSe,Z2DUYob6wFF8GbvZiB2_Oo9N9bUFVY7hUAfY0ciCuyWC2ffLDEo8SjY9OhayCvlP-ifT8xGctmHCFQ,3018,1731668559467,126,855,I,204,168,False,False,False,False
uzc3CNSaeKk_ZEiA7zaQTzkI7YkwAv1UNRL_UnTr4EoKymo,JGTvCsxfdRpR8y9AAZhudLT_R4F7wqE6B3EfyzBSlwfnt5E,L7ri6vOZFHaZypK4H1y_tDf7erTVAwalZ0XoIPFRjnA71MojUSgBLM4vi4Yb1WofSaR5vLHiZwJGQw,1630,1731665879000,745,855,I,190,160,False,False,True,False
e8843JuSY5oVJZDm1d6oEpm5pSxWDJcrqrpw-M2Q8fyXX1E,JFAXFh1xMOZgC731cURNcHsi_eCpjnrnwE8FKfIj5xkzmh4,ZzbPN91JPt7QYypJtWlRGlujy3rJKX7IRJSi8iB2LP3G3k0Zp3q0qDg1Jp1S5sBdsHP3KSej6atn6w,5675,1731729203957,808,855,I,148,115,False,False,False,True
jVx5WtfMacWAXqxhdfyJlLNkW92KPH1FMZf46PXr3PGD5jA,7BMY_LPIKWikjsELAUKFiGPDRSFPOHMVgv_jIQyLvq_G7sAPFkcaiCoe,kT-RKy-FQl7_C33ttgv_8bh_4slSRb1eyNdG6uZ-VAOocwlM8xxhOqJUOYGAweYVcZPTqS1qOn079Q,6693,1731651048000,443,854,I,147,110,False,False,True,False
OE50FfbuVKM60pFjDdivtC9CqT2srMOW_VP_0fqt4pGyFG0,xHQc6KGjGx7-DDbgr2XGN3SJV7eibXUTt6AsyKk6SATYtsV1B7o6gJBf,TEh-_gi3erD2F7jTlijsvVaTB_8jkmY-jJfxJhe1CxglRGjqWnzafGOS8KySGTAoc5eRPQFdw4i7UA,5675,1731596044000,144,854,I,98,54,False,False,True,True
-HSuuR2qeIRddLHKorc32sBYmV3s8NR7suObwuvfgiCFwyKgq1zGO5gOpw,_17Xoe3qDfz9pGoDFpfudrFLSbFlvrkzXz9YU-LxrwhreNkvvBm6mA0Q,pvEL-57YnL6tYXR4RP9Vo3lI0-W3El8HP6DgIAWqPQYYpUC9WcGHqPjXhKS7HM9YiKP9dkrwAm7pzg,4293,1731747958411,178,853,I,306,263,False,False,True,False
qkksKaK6rSsT9IzoXOqDtb4no-B4XymF0HvNmIevnvRfR58,rU1uQ0m_pIaykz4xOtuVvDP13RxCajT2XBqfEem8ahOzn9M,w48u_T-F20ZoI6aEp99JV5YApZtJZ6IuVKqP2oQMH_TFswTmCU4XMW7orP0s3YLIH9tZuPRQEDWGxA,933,1731672826083,1178,852,I,113,87,True,False,False,False
Me0ZymR9eGYmLbR1HGF-eo2yNdb2Q8I73Ot9vNt-WUqV1qKQCAH-zpxeUg,tD6WNHbeVtqaatYmXThojZLJlTeau-iqhLsssap9pC6pziWKcA01D3ZB,9epNmxZnl8hXS1B5YwI4N70aYsBs7PY88-wXUBqrEzYiTAU_6z2y6tHqY4TejvmcrPgZhKUBktjV-Q,1298,1731710482600,152,851,I,197,164,False,False,True,False
1pfiYR4OgI14VuqdADYtJjpNr0kGY-JwiSwGZRNmTPkQeTI,_eXmCD0kA_B1JvrXTkFjuU8rAyXf83Cou4J7NoTl8XBWK-w,ZN4SopZTY-20RphJAir5R-2wa7UPgF-c1jMblry32Q7cjHj1OqWxjegDZw2kF0Xz86hWJ-ziU6J8eQ,4629,1731672195547,694,850,I,172,133,False,False,True,False
VDaJNoS-py-gqKLjn4DGvve4I5ZPHbanbPT4LEtvBHCOe8c,XWbySp8Yw4LkGg1iicMr7TZ97J7gmZQ_xqQ7Z7FpXu11syQ,so_4f0psl5PWDe4zEdHXsERxZEUUM5wQy8iZL_I-qDoC8kTk-ZIeVgJNT9JGpdVoYG7Gwi7VrNaDZg,7,1731673127658,90,850,I,163,103,False,False,True,True
QrpOOG7c53uPs3rw5dhEJV2sSpJUHuh0Uz_sec-fk3YOjLUAUoKnWr3K8Q,M4gW-9Md1_8QCSHbR8_0Ks7UtePDobJ4nry2gaN_IFFECZIIqX7QY_7r,PwGGIQcGwT_ZdOvalq5rC-WIN7C4Dua_nKB6JepQ7fuIJsfacEueiOohuorVfr4j5M7DVlVn5zl28w,6745,1731751326722,937,849,I,393,364,False,False,True,False
saxlqFTa4_ijULPm7A1-krLlbpUsdRwAhAFbUkuTZu15guZ1gb6OlAvYEA,iKzrjG5PwrcK4mRYRQm2vqoMIWZIZY7KDLx2lItB9pzfe_PoJNv9x1p9,BopFp6ViGwFpC0aZBnpD-6OFTG_Dqnfc570AS1W97hU1jeK0kvU8jqMuLY-LHQStMv6wZmv-9hUmBg,3018,1731609868000,78,849,I,166,134,True,False,False,False
uTtEJqMgqZvJ1d-FK-AnowGZcYg_pxEu78Ezx5mV11Gsfsvml86heMmNvA,XJsPaL30nLSOZHP6i7hBfpvy0TrKjXHPJXAgMUFIqoLe2fx-srbgrhBe,fAi7-X6Mot1WT0z_S1NbdKRUJE5iS1wzDEmbg56tVnYulEcEuBxI7TFA5254LxQnJ8JCeiuUgjf4FQ,6048,1731668300187,376,848,I,165,123,False,False,True,False
aUpZoiB76tSd5xXy5FHNRWXUxGwioaanFxcwvoWx1vzl4IP1,IicR0NYAL1sWsw5N6kQLv-jvpYHNOfRvBzEnXMbPrhq54THxeFC9L3k6,8XpWAbQQpUmtoI4KJnR560HKgYtqPKuFYgpUPDPtZbK4h_E8Ll0hdaa1rVvUEocApU0Q80gnbDCn6g,1114,1731689503000,321,848,I,146,107,False,False,True,True
BgIAdwlErod7tsJIQmw28T4lGkDjdX4TefMjrq44elevnRw,Ww-oWGgJOp0Kp2B37nvilUEe3sJ8o2WnGKXA2xETpvHfCJ4,8ZJnYBxZJyGKZakYYgx1fhAWuVIibl9vXeUly4ghWXPdn-rRRuVEyOAaGjbbiRZ0g18KezSqMZqNuA,685,1731685066133,928,847,I,169,142,False,False,True,True
I9r6znnhB3__hRqyz0anmlWs0uR3dZHC2QF-AuF6OZ9LPSo,fKvc3S6qjha_j6f5NJBDpSmPaphR_jz4ffNwaLceIXtv551mzDhZcJ-I,eCW1pDbsHn8eZrd3rZmH-o7kWeo3txgd5KaMyNvGyMwSRY0olPNnkfVp34U2e1POE5lUFWJG3_ufdw,6737,1731749454000,540,847,I,130,97,False,False,True,False
DC8dlgGRFIV9ZGINvxkFknRRIVWErPNAJC3YxXApB2xsT3A,7vQI-BaNKcLg5AV5BjrGHOLKsKLzKTGE1S16kS7KBc0swWo,1CePz2LIpBnC82NPNluPtUAGxjWbkI3jxJ-B6CgQVqf_dSrwL1wc3JvBs8hOnwLXxSJ-bHacYoal7g,6041,1731701079849,748,846,I,165,132,False,False,False,False
j4XoDisHb9WH-E49vvedb30Uup-4Kkv97SOVy6aDt_LAuUpkKmsGEYWrGg,GLtHpOVSksOK7oOt0UAX7txPd5JIjaR-3EZEJ079GNRxQgpvcPqLHLzi,Ife5bafrUpXe-ibb7u_7UcoILi75Ik4k54iH3LCs7INkCzNXxyLS6kvKjtMbQadXQtlZ3vdXHDEG1A,3494,1731749886863,175,846,I,97,49,False,False,True,False
Y3hIgd2-kPwjMa5gHqVIpwRwQNxkk7JWmJK5xh0JdmThLIk,scy5683DtmXsxI53ddjI_fEVkVuLd2SquNh4WGDTFsGQadQ,g29k1aXJMyKMaDRSNkG0zBg6_HwAq4YNB4QHsbCbOIbgALMcbb20W956a2SBEMc2giSOrc4bhXkYvA,4218,1731691638903,813,845,I,129,92,False,False,True,False
f7ODmo9KCNb0SvGrE0AyxxX84W-eW0icTiesNw9WSBj8whS0rqrJysj8mw,Uk6ZQX3V7Fi9cy2pN_wHjnysFt4cP6lHXqk1Gs2jahBrmBze7ySwqPL_,m4LFACaDcmCpBQ4b6LoxC-BMT3VSaE1jBg8xiBQLJ40S7lSJqaNC8GA-EHxN57HPRbxvCzKObxQw9w,23,1731701380037,46,845,I,108,50,False,False,False,False
yR91uY3-FJCuLUtxk0jKsNngUjbM78p5q4L82oxogAt5PH4,xcohTMCIKkOp2KfnaPY9hBG8-a62jcJ2Z_pZ5uq-QcLLBo9TKwwZEtfz,GTifYc6DJ4Xb934TvVC4sIWcAPMheZGn3hUEAqx6ormw7D0BM4_KaT3EBs1YmSUf6Ya1KNlBUM92JQ,6715,1731750850855,592,844,I,192,168,False,False,True,False
QcfF20s3r_rTZmmPV1JNVovp1LMG9N3RBXdnv1ItxrHYiQ,OfYlK6mf8MpsEngvso0CLTa16DxaQNR8UMdxsGSeKTuS,YuTk4jkcvQfHix73dZhc9th_l71uoQkQFKBKUsiwtHqJPbHR1FAS3YP-1S0BNMbC1IaM1T6fdu0apw,6578,1731750512071,833,844,I,147,108,False,False,False,True
-i3a7NM0VwuG-xLr6h5-S0EpMhbrzAFTZgWZZglJZZWY3og,2RwMrWYZGJ-kwya_00IMubSSAZPDwW5py2VsCErU7AE5IJGUJKgJoKk2,CEIpwn_qwl78jgLBAJrV6caIdCcOdwR3d1AWmpmVIN-EuXmNR463Q2YvjeeNCdt43mgZcofIPIMztg,6717,1731498721000,351,843,I,93,56,False,False,True,False
IyrMJXveAkGtHpXf2wSq_DtdFl9-NLeGaH0-Y32Ys_VN6AwBrY0BbKiTDA,sw65xRiXCOIJtIq0IVWKOIYdit-wLQQk-XC4tklj9CKJ9hp2QF720P9X,fNVsR8CMWLsOY0ZSatQIEGqQwbC9BfSs9-Jm6E2h9XkUuWj_GUl4SHNWBCcDo58wpYuoBE1tNZ6kfw,3231,1731750479140,650,841,I,387,358,True,False,False,False
gjMVn0QL0HNfLPFji6t5OlMJoxocIFKKUjlguri6jryLAak,G3OHUZ6v3nF3p4PifYWBs3FshcRLEatgctLS8GiCsLlYaL3oItXKwdZQ,V_gUh5pgKj17l-cTHiS4r238KYsfnbkdimggCWTK6hETUbJYwBGkHTrL15bz3dTqu0Gclbw-q1gtPg,6695,1731694777787,969,839,I,169,137,False,False,True,False
v5PP98E2Jusow1IIkz6s-r0U-rG9cYTMVQf_FVe_fLyJ9WfL,VTZoE8rBxicFpPmxw8ffXv5AXNAFY5nz_RZKw0BjaUYZSfERQuNKj09H,Zg3cB0NeTUsG_DWldKuwq2rbLYVAMgI4MH-Pz-Bjmf2TMtD2IOP68IsuANcQDEWdmZJMpj0jdiObSA,5373,1731746069991,232,838,I,163,127,False,False,True,False
6XesjNfla-zPLrE0--kJs2m1FVfADGk4cH1AhhPL5h7TmFL8n2nEWIu4hw,FkG8nC4WRp9sD56DWsCvpRe5HTGBtHeDvTI8Udh-KKMy27Emihublcgb,wqTfY0Y6aj6-Wj87uss3aSh0b9zq2QBm8YOhtcCmKqDnDvjiP3QxM1KVE7HTWQzjKaTL82jBwgiRHw,5091,1731747958411,951,836,I,272,250,False,False,True,False
-y2MfGIzZpM7QnKKg9LNzlYPFqzcB1D3R_UbII660cpz2S4,MjI2rVDQKyzS4tc-OFcbq8OhC2EON-I5Q8gANgIQikHURb_XtChQQuwP,1Xi-PJzA0yVifBNDCUFqspbwx36-AqDg02L4nL4_x-srx9b1RJ-yYMUtVhBSfivZBlP0qyvtgS7yyg,6631,1731676853125,708,835,I,195,159,False,False,True,False
xHFDBjzmsmoi0YIruweTleevlkDHCj9x8bU13qZSyM-IGPsUU1igr9KyKw,xYsPBmlTRn_ukyyvYz-NwbUbeB39e2acuCem9T3wi7m5qYIbMS-R5n1A,3jQnff-asiK7JTg5OpCKK3lDSn2n-UV57959EZIoqpiicJFap5WZOETbpKRnPfRtqml14xtAMILHsw,23,1731597554000,133,835,I,140,107,False,False,True,False
BxEluYD9RvG2XnUdPiERZFb5d0JEL31jPrBke4gmYqRGFPpMjVglHdr2BQ,vdbMuBgc5_8XruCmmmX_4VJSjYHsFfdziDUqD9_gJKCYqpkL2guOxMQD,CrD8beZTh5Vw87cX2cGxj1miQFLjfy4NHU_9k5zVnCZ509o8Asdhksn_yO3QbKavMDvIt5HHLcj5Hw,3788,1731661172000,109,835,I,138,106,False,False,True,False
xJ11xwtFBD8nxhHN90UNh28nG9_yccPypttFrhCh7rjcLj4,S6Y2WzOvimIsxoa7-mXMq95hXCr-AP74I_6AOJ5-fXaupPyTuS2rgotu,1GlHQDzJ8A6gK8J5kUkxRNcVJqSl6dmTDvjg3OR516Bvzzoh1l1qPXRo8KzYLUxm9_m5TUxRpEiJrg,4759,1731698530000,711,834,I,136,99,False,False,True,False
mZbqjDLp4_DI_AbPuXeJLQn6elrGTQ7bibeKNR_MsSCEFjI,YZPdwboDlDYWC4vKE-ssMeqXpQoaKOmktgfybYOx-aq1SkyODj62Vbfu,jDI96BfbwlclTICvLIsYYsfWmb0cHsXEXG6HpWopPiIlT-EupzaoGeBweTQL-C23Br80aUrSh0B_hQ,5212,1731748889698,322,830,I,158,125,False,False,True,False
GJ1D_lK0rzcSA_Gz59Ew1kxqC_9cOgp4Xp3XlIM0nwhMgOk,rB2ZFlctdZG8kFjkc8UCFb9foa1kdkbwsiH3uWabpZ1suPk,nF_AukmjMd0nBCxZorHUGVsZ2X7v0sbONbDYFsw6GzpdcrcfVfQcZukazt6EQ8CLLkec_tLAP7O0cQ,23,1731694871449,91,829,I,136,87,False,False,True,False
EqHiSVm_2CyrjHp5joicyi5A3q5aw__hXHhcqdV1nUY_JFCp,glQ3_Vyk_APGwknlAGgDKHgDJTDewwNmAy4YeVrHytJJ1jwjmYMU370u,r0XtBhtRVlK3uyIaX2CupOryt3_3uTmZWUVZzA24UkX3BkfjFCY6wIvc0lktkQHwSzyMFXLRsfqHAw,5313,1731741342275,439,817,I,75,40,False,False,True,False
Ma5Ep7Dde5dSNA0K0DufFdXA69vJrFO1LCqxflGA-KwmGgUmYx3tGb2CVg,w1IBKc6vAGz9E9MshP_8nehqpEuNAvN6meqwcL8n_gNQDJ0HvssH5fGr,bSauzhqk17-XcM0onZMgJuVIlnauClL89_hhz4-mzsayEFl5gPOgR8AQki0xNHkmUqt83B4ZBiIRLg,6631,1731745739109,219,815,I,106,73,False,False,True,False
cj_Nmu2DE8Hk_UVo5qcgXKq7ZKd3ivbE-KD_11Vr9DOUO8g,h8ZQxRkhcjFxaJGj46VA7SlA-tMIB8md1Zed45kexzCSfUu3Dc4HFKs5,p5YiTHjDXLhr_efGodnywf_b4QlKYFNdWIK4YDbHqpGcMow3kAqXu8OhCPsf3wq3l9NRbUZ1JzrU7Q,4965,1731751335280,289,812,I,130,98,False,False,True,False
zjIVUmjZ3RHzIoxrN-CUl6mol8FwvN8tzusLfkdmcHAcvGw,-AMuKVm4wg3oEupMw09raHrEKYoDRopQ3omOp5ogvUr6pSg,J-WCcjYLjShJC5AMBfrBOEaAWzm32hA-k_baqDr9-FwSgztU5zXCPc2sR6zjBMCO8aXFOnLF-WShVQ,4929,1731694988721,653,809,I,158,123,False,False,True,False
9Vs7APBmvjoaq4mWZogfd5b3rmtyrr9If0kSp7yuzSP7iJ0,dft5U0DYZKO61M6M4U69tsWbuQRfIqedzlIBA09EdyfSGAE,4k5zD7W7_Vaj76RDAnt04NLn2l0_t38XxadIEMQFv2RrvgOjgR-iYXeg2lPH-tsoXq_eX3w3NC8wIQ,5489,1731699325771,899,807,I,219,188,True,False,False,False
YtBp0f92L9PnrfpAJ9nA6iIvgh9J2vlC_ys8FwTSAGwNdJsc,SLGlHO2qdwi76afDhZen91hxRBjXWFyWZqXjv89Iih9VGj-wkWbq5wVQ,9XRiQ0QdwQ1KSHCi1tlqhFugoHj40UE0SsrXlBxoRqJFg24CCuFAD44RaQ6HMljHKx7YHYQESIX7nA,7,1731751196569,319,806,I,107,75,False,False,False,False
Cjc7Dbz8WNcVppKe1FB8PENe2ePSV78syulrY0AHlLTX4XMgnhOgnxCxjQ,PSaPUQTUbgwugpKUUaxqiaEUoX1uBo7g-hEhDd_Y62KH-ya6n_gJPoCG,Vm884Xdh1h2tB--LgiHane5gW0UINcfm5CUkwzTWWYMynDdck5U6EeBAPjX6skn5FqKEDl1KNO3-pg,6741,1731746400137,368,800,I,145,116,True,False,False,False
-JtISQjmU3kmQoiAwyfF8LwB47sRfF2-OfhqJUx__1ylbtd6GZtyeGfvZg,q-jbxsDB4oNbkSDJKygiBUZRU_bNyJNtl_dinIiM48Y5vfLzLx6pEcpy,t6ou2jeHVpB8pritXkJdIQWhqHLwMWq6Vyy7yb-mV4O0obzGSDDri4P3eHBSoW92iE6QifsuAwyltA,7,1731738997614,68,770,I,277,246,True,False,False,False
Mx-x05V6nHCwjRjhPlFLjHYyG4M_3Iyw2OeUGgdEydxKkAI,zFLN_zG4mBAJSmv8lPWP4wZBoHBCsq4u-WyXSLXN024ynDQ,1bH8jkqTK3ohnBluHuQctFhxrlhRsOBiF6-6Fvb5RdNAclpWl03YgZUxt7OfRQXMSwEqG1CUQoxSxw,6297,1731750715369,632,724,I,202,174,False,False,True,False
7vCI1fPrWegPffVWSxljzHkGVG36tCd_vx0Kt_Us_8avr7oRtoE6tKmHjA,S-sCjnLw4CL8QDZYwgDCy4U379oghAbSZ_FmyCSjCGVauFmNgR1KHZBM,o7PO73jpSGZqSFIb_U2-BvADW_J_eEIWvDMkAEdRNyc-LIttDEcax--4Kaur0DDOOb9oqWtdUSfzOg,6498,1731750541521,248,716,I,208,191,True,False,False,False
surS9B46jcc9Z48CqJhVlhHF5EjKzsBTlqIQ1KTgpbxAEFoNFyZCtiRDew,H3mg8GtwW_cAYFK8SsH06toXiwFxXVMiGipDTkA_rP6mHZ1SkGLjHq6i,QJw1GyRi__2KF2fF2dyqcSu84nJuLzjFgSV8zSOaUEUSSwRQEibu02N-m6H4ebL3JHo_M2mVdLSZKw,6086,1731737116717,121,693,I,270,254,False,False,True,False
